country,region,world,total_area_ha,est_production_tons,n_varieties,latest_year,top_variety,dominant_color
Argentina,Adolfo Alsina,New World,98.1,774.99,17,2016,Côt,red
Argentina,Albardón,New World,710.9,5616.110000000001,31,2016,Cereza,grey_or_gris
Argentina,Ambato,New World,2.25,25.425,4,2010,Syrah,red
Argentina,Andalgala,New World,5.9,46.61,6,2016,Côt,red
Argentina,Angaco,New World,1774.1000000000001,14015.39,36,2016,Cereza,grey_or_gris
Argentina,Arauco,New World,4.8,54.24,1,2010,Cereza,grey_or_gris
Argentina,Avellaneda - Río Negro,New World,153.8,1215.02,26,2016,Côt,red
Argentina,Ayacucho,New World,10.2,80.58,6,2016,Côt,red
Argentina,Añelo,New World,1587.8,12543.62,18,2016,Côt,red
Argentina,Balcarce,New World,9.2,72.68,11,2016,Sauvignon Blanc,white
Argentina,Bariloche,New World,0.9,7.11,2,2016,Merlot,red
Argentina,Belén,New World,184.7,1459.13,12,2016,Torrontés Riojano,white
Argentina,Benito Juárez,New World,0.3,2.37,1,2016,Côt,red
Argentina,Buenos Aires,New World,160.64000000000001,0.0,39,2022,Isabella,red
Argentina,Cachi,New World,78.39999999999999,619.36,14,2016,Côt,red
Argentina,Cafayate,New World,2411.0,19046.9,37,2016,Côt,red
Argentina,Cainguas,New World,6.800000000000001,53.720000000000006,2,2016,Tannat,red
Argentina,Calamuchita,New World,18.4,145.36,9,2016,Côt,red
Argentina,Calingasta,New World,123.7,977.23,18,2016,Côt,red
Argentina,Capayán,New World,1.1,8.690000000000001,3,2016,Douce Noire,red
Argentina,Capital La Rioja,New World,8.32,94.016,4,2010,Cereza,white
Argentina,Capital Misiones,New World,2.4,18.96,1,2016,Riesling,white
Argentina,Capital San Juan,New World,2.0,15.8,3,2016,Greco Nero,red
Argentina,Capital San Luis,New World,60.4,477.16,8,2016,Côt,red
Argentina,Capital Santiago del Estero,New World,2.2,17.380000000000003,1,2016,Cardinal,red
Argentina,Castro Barros,New World,244.5,1931.5500000000002,18,2016,Côt,red
Argentina,Catamarca,New World,2794.2955,0.0,50,2022,Cereza,red
Argentina,Caucete,New World,5681.2,44881.48,49,2016,Cereza,red
Argentina,Cañuelas,New World,1.5,11.850000000000001,6,2016,Tannat,red
Argentina,Chilecito,New World,5356.0,42312.4,45,2016,Torrontés Riojano,red
Argentina,Chimbas,New World,612.4,4837.960000000001,22,2016,Cereza,grey_or_gris
Argentina,Chos Malal,New World,5.800000000000001,45.82000000000001,6,2016,Côt,red
Argentina,Chubut,New World,37.8399,0.0,18,2022,Pinot Noir,red
Argentina,Collon Cura,New World,4.9,38.71,3,2016,Pinot Noir,red
Argentina,Colón - Cordoba,New World,113.1,893.49,23,2016,Pinot Noir,red
Argentina,Colón - Entre Ríos,New World,5.6,44.24,8,2016,Côt,red
Argentina,Concordia,New World,12.7,100.33000000000001,9,2016,Tannat,red
Argentina,Conesa,New World,21.7,171.43,7,2016,Muscat Blanc à Petits Grains (G),white
Argentina,Confluencia,New World,125.7,993.0300000000001,26,2016,Côt,red
Argentina,Cordoba,New World,245.1043,0.0,37,2022,Côt,red
Argentina,Coronel Felipe Varela,New World,505.8,3995.82,16,2016,Torrontés Riojano,white
Argentina,Coronel Pringles,New World,2.3,18.17,3,2016,Chardonnay,red
Argentina,Coronel Suarez,New World,18.9,149.31,12,2016,Sauvignon Blanc,red
Argentina,Cruz del Eje,New World,26.7,210.93,8,2016,Torrontés Riojano,red
Argentina,Curaco,New World,3.1,24.490000000000002,4,2016,Cabernet Sauvignon,red
Argentina,Cushamen,New World,19.8,156.42000000000002,5,2016,Merlot,red
Argentina,Daireaux,New World,0.8,6.32,3,2016,Cabernet Sauvignon,white
Argentina,De La Costa,New World,0.222,1.7538,3,2016,Côt,red
Argentina,Diamante,New World,3.6,28.44,5,2016,Côt,red
Argentina,El Carmen,New World,3.1,24.490000000000002,5,2016,Cabernet Sauvignon,red
Argentina,El Cuy,New World,59.9,473.21,10,2016,Côt,red
Argentina,Entre Rios,New World,54.9746,0.0,23,2022,Côt,red
Argentina,Famatina,New World,344.09999999999997,2718.39,22,2016,Côt,red
Argentina,Futaleufu,New World,4.8,37.92000000000001,4,2016,Pinot Noir,white
Argentina,General Alvear,New World,4027.5,31817.25,47,2016,Cereza,red
Argentina,General Belgrano,New World,4.0,31.6,1,2016,Côt,red
Argentina,General Lamadrid,New World,59.7,471.63,9,2016,Torrontés Riojano,white
Argentina,General Pueyrredón,New World,10.7,84.53,9,2016,Chardonnay,white
Argentina,General Roca,New World,1173.6,9271.44,45,2016,Côt,red
Argentina,Godoy Cruz,New World,1.3,10.270000000000001,1,2016,Côt,red
Argentina,Gualeguaychu,New World,1.0,7.9,3,2016,Cabernet Franc,red
Argentina,Guaymallén,New World,629.9,4976.21,33,2016,Côt,red
Argentina,Humahuaca,New World,4.800000000000001,37.92,4,2016,Côt,red
Argentina,Iglesia,New World,7.199999999999999,56.88,10,2016,Torrontés Sanjuanino,red
Argentina,Ischilin,New World,49.199999999999996,388.68,14,2016,Pinot Noir,red
Argentina,Jachal,New World,43.9664,496.82032000000004,14,2010,Cereza,red
Argentina,Jujuy,New World,57.8705,0.0,26,2022,Côt,red
Argentina,Junín - Bs. As.,New World,0.2,1.58,2,2016,Côt,red
Argentina,Junín - Mendoza,New World,11708.8,92499.52,56,2016,Criolla Grande,red
Argentina,Junín - San Luis,New World,27.299999999999997,215.67000000000002,11,2016,Syrah,red
Argentina,La Pampa,New World,301.8163,0.0,23,2022,Côt,red
Argentina,La Paz,New World,299.59999999999997,2366.84,18,2016,Douce Noire,red
Argentina,La Rioja,New World,7426.7567,0.0,67,2022,Torrontés Riojano,red
Argentina,La Viña,New World,5.1000000000000005,40.29,5,2016,Côt,red
Argentina,Lacar,New World,0.5,3.95,5,2016,Chardonnay,white
Argentina,Languiñeo,New World,0.1,0.79,1,2016,Chardonnay,white
Argentina,Las Heras,New World,1528.5,12075.150000000001,39,2016,Cereza,red
Argentina,Lavalle,New World,13763.4,108730.86,50,2016,Douce Noire,red
Argentina,Leandro Alem,New World,0.5,3.95,2,2016,Riesling,white
Argentina,Luján de Cuyo,New World,15829.800000000001,125055.42000000001,64,2016,Côt,red
Argentina,Maipú,New World,12343.3,97512.06999999999,57,2016,Côt,red
Argentina,Malargüe,New World,1.248,14.102400000000001,1,2010,Pinot Noir,red
Argentina,Mendoza,New World,147379.2491,0.0,140,2022,Côt,red
Argentina,Misiones,New World,12.6219,0.0,5,2022,Tannat,red
Argentina,Molinos,New World,123.6,976.44,12,2016,Côt,red
Argentina,Neuquen,New World,1770.0056,0.0,38,2022,Côt,red
Argentina,Nogoya,New World,0.3,2.37,1,2016,Merlot,red
Argentina,Nueve de Julio,New World,2137.5,16886.25,36,2016,Cereza,grey_or_gris
Argentina,Paraná,New World,5.6,44.24,9,2016,Côt,red
Argentina,Pehuenches,New World,3.1,24.490000000000002,2,2016,Côt,red
Argentina,Pichi Mahuida,New World,37.6,297.04,19,2016,Muscat Blanc à Petits Grains (G),white
Argentina,Picunches,New World,1.2,9.48,2,2016,Chardonnay,white
Argentina,Picún Leufú,New World,21.9,173.01000000000002,6,2016,Merlot,red
Argentina,Pocito,New World,2189.7000000000003,17298.63,35,2016,Cereza,grey_or_gris
Argentina,Poman,New World,27.4,216.46,12,2016,Muscat of Alexandria,red
Argentina,Puelen,New World,239.5,1892.0500000000002,22,2016,Côt,red
Argentina,Punilla,New World,4.3,33.97,5,2016,Côt,red
Argentina,Rawson,New World,1155.7,9130.029999999999,31,2016,Cereza,grey_or_gris
Argentina,Rio Negro,New World,1549.2436,0.0,78,2022,Côt,red
Argentina,Rivadavia - Mendoza,New World,15618.4,123385.36,55,2016,Criolla Grande,red
Argentina,Rivadavia - San Juan,New World,364.0,2875.6000000000004,29,2016,Muscat of Alexandria,white
Argentina,S Del Estero,New World,10.5381,0.0,11,2022,Superior Seedless,white
Argentina,Saavedra,New World,18.0,142.20000000000002,4,2016,Cabernet Sauvignon,red
Argentina,Salta,New World,3637.9478,0.0,50,2022,Côt,red
Argentina,San Alberto,New World,4.6,36.34,5,2016,Côt,red
Argentina,San Blas De Los Sauces,New World,41.1,324.69000000000005,9,2016,Torrontés Riojano,white
Argentina,San Carlos - Mendoza,New World,8675.8,68538.81999999999,44,2016,Côt,red
Argentina,San Carlos - Salta,New World,624.4000000000001,4932.76,20,2016,Torrontés Riojano,white
Argentina,San Javier,New World,12.0,94.8,10,2016,Côt,red
Argentina,San Juan,New World,41279.3245,0.0,97,2022,Cereza,red
Argentina,San Luis,New World,105.3645,0.0,21,2022,Côt,red
Argentina,San Martín - Mendoza,New World,28869.100000000002,228065.89,64,2016,Criolla Grande,red
Argentina,San Martín - San Juan,New World,2940.1,23226.79,44,2016,Cereza,white
Argentina,San Rafael,New World,13620.1,107598.79000000001,60,2016,Côt,red
Argentina,Sanagasta,New World,11.8,93.22,4,2016,Torrontés Riojano,white
Argentina,Santa Fe,New World,1.4721,0.0,10,2022,Côt,red
Argentina,Santa Lucía,New World,988.8,7811.52,27,2016,Cereza,grey_or_gris
Argentina,Santa María - Catamarca,New World,708.1999999999999,5594.78,17,2016,Cabernet Sauvignon,red
Argentina,Santa María - Cordoba,New World,9.2,72.68,9,2016,Côt,red
Argentina,Santa Rosa - Catamarca,New World,1.4,11.06,1,2016,Cereza,grey_or_gris
Argentina,Santa Rosa - Mendoza,New World,10012.4,79097.96,66,2016,Cereza,red
Argentina,Sarmiento - Chubut,New World,38.0,300.2,5,2016,Pinot Noir,red
Argentina,Sarmiento - San Juan,New World,7225.1,57078.29,47,2016,Cereza,red
Argentina,Tafí del Valle,New World,105.1,830.29,14,2016,Côt,red
Argentina,Tandil,New World,7.0357,55.58203,11,2016,Cabernet Sauvignon,red
Argentina,Tilcara,New World,12.7,100.33,9,2016,Côt,red
Argentina,Tinogasta,New World,1457.773,11516.406700000001,18,2016,Cereza,grey_or_gris
Argentina,Tornquist,New World,12.2,96.38000000000001,8,2016,Cabernet Franc,red
Argentina,Totoral,New World,2.15,24.295,4,2010,Pinot Noir,red
Argentina,Trancas,New World,4.6,36.34,2,2016,Torrontés Riojano,white
Argentina,Tucuman,New World,128.37539999999998,0.0,20,2022,Côt,red
Argentina,Tulumba,New World,5.2,41.08,8,2016,Côt,red
Argentina,Tumbaya,New World,0.30000000000000004,2.37,2,2016,Cabernet Sauvignon,red
Argentina,Tunuyán,New World,9319.8,73626.42,52,2016,Côt,red
Argentina,Tupungato,New World,9851.7,77828.43000000001,45,2016,Côt,red
Argentina,Ullum,New World,524.7,4145.13,27,2016,Cereza,red
Argentina,Uruguay,New World,0.30000000000000004,2.37,3,2016,Cabernet Sauvignon,red
Argentina,Valle Fértil,New World,0.4,3.16,3,2016,Syrah,red
Argentina,Valle Viejo,New World,0.7000000000000001,5.53,4,2016,Côt,red
Argentina,Veinticinco de Mayo - Misiones,New World,0.2,1.58,1,2016,Riesling,white
Argentina,Veinticinco de Mayo - San Juan,New World,6585.6,52026.240000000005,51,2016,Cereza,red
Argentina,Victoria,New World,7.0,55.300000000000004,7,2016,Côt,red
Argentina,Villa Gesell,New World,0.1,0.79,1,2016,Côt,red
Argentina,Villarino,New World,24.6,194.34,10,2016,Merlot,red
Argentina,Vinchina,New World,47.8,377.62,5,2016,Torrontés Riojano,white
Argentina,Zonda,New World,747.4,5904.460000000001,26,2016,Muscat of Alexandria,red
Argentina,Ñorquin,New World,0.6,4.74,2,2016,Merlot,red
Armenia,Aragatsotn,Old World,463.354,0.0,6,2022,Kangun,white
Armenia,Ararat,Old World,2960.3061500000003,0.0,10,2022,Kangun,white
Armenia,Armavir,Old World,4334.6344,0.0,15,2022,Kangun,white
Armenia,Tavush,Old World,858.18047,0.0,5,2022,Rkatsiteli,white
Armenia,Vayots Dzor,Old World,921.38791,0.0,7,2022,Areni Sev,red
Australia,Adelaide Hills,New World,3746.0,48698.0,20,2016,Sauvignon Blanc,white
Australia,Adelaide Plains,New World,513.0,6669.0,17,2016,Syrah,red
Australia,Alpine Valleys,New World,261.5219701975584,3399.7856125682592,24,2016,Sauvignon Blanc,red
Australia,Alpine Valleys/Beechworth,New World,802.7,8027.0,27,2000,Cabernet Sauvignon,red
Australia,Australian Capital Territory,New World,4.0,44.0,6,2010,Riesling,red
Australia,Barossa - other,New World,91.45,1005.95,9,2010,Syrah,red
Australia,Barossa Valley,New World,10795.0,140335.0,27,2016,Syrah,red
Australia,Beechworth,New World,115.27714684605598,1498.6029089987278,22,2016,Syrah,red
Australia,Bendigo,New World,615.396714925766,8000.157294034958,22,2016,Syrah,red
Australia,Big Rivers - other,New World,604.8799955695868,7863.439942404628,18,2016,Chardonnay,white
Australia,Blackwood Valley,New World,306.5554116219282,3985.220351085067,14,2016,Cabernet Sauvignon,red
Australia,Canberra District,New World,330.66979828476906,4298.707377701998,22,2016,Syrah,red
Australia,Canberra District (ACT),New World,105.4,1159.4,15,2010,Syrah,red
Australia,Canberra District (NSW),New World,377.6,4153.6,25,2010,Syrah,red
Australia,Central Ranges - other,New World,389.560002297163,5064.280029863119,26,2016,Syrah,red
Australia,Central Victoria - other,New World,190.14000537991524,2471.820069938898,13,2016,Syrah,red
Australia,Central Western Australia,New World,61.5,676.5,15,2010,Syrah,red
Australia,Clare Valley,New World,5102.0,66326.0,19,2016,Syrah,red
Australia,Coonawarra,New World,5447.0,70811.0,14,2016,Cabernet Sauvignon,red
Australia,Cowra,New World,714.4168010950089,9287.418414235115,18,2016,Chardonnay,white
Australia,Currency Creek,New World,870.8,9578.8,19,2010,Syrah,red
Australia,"Eastern Plains, Inland and North WA",New World,24.5,269.5,13,2010,Verdelho,white
Australia,Eden Valley,New World,2219.0,28847.0,22,2016,Syrah,red
Australia,Far North - other,New World,11.0,121.0,3,2010,Syrah,red
Australia,Fleurieu - other,New World,1879.0,24427.0,20,2016,Syrah,red
Australia,Geelong,New World,329.15519869327545,4279.017583012581,19,2016,Pinot Noir,red
Australia,Geographe,New World,449.2573136985302,5840.345078080893,27,2016,Syrah,red
Australia,Gippsland,New World,188.93383866548538,2456.13990265131,15,2016,Pinot Noir,red
Australia,Glenrowan,New World,184.51760306954384,2398.72883990407,12,2016,Syrah,red
Australia,Goulburn Valley,New World,1064.8825903236866,13843.473674207926,29,2016,Syrah,red
Australia,Grampians,New World,540.5621542930603,7027.308005809785,16,2016,Syrah,red
Australia,Granite Belt,New World,265.48300598561764,3451.2790778130293,34,2016,Syrah,red
Australia,Great Southern,New World,2018.0337624400854,26234.43891172111,24,2016,Syrah,red
Australia,Greater Perth - other,New World,168.46000126004216,2189.9800163805485,17,2016,Sauvignon Blanc,white
Australia,Gundagai,New World,406.71709413826466,5287.3222237974405,12,2016,Syrah,red
Australia,Hastings River,New World,15.35797756165266,199.65370830148458,11,2016,other,white
Australia,Heathcote,New World,1287.063009262085,16731.819120407104,27,2016,Syrah,red
Australia,Henty,New World,156.02942514419556,2028.3825268745422,13,2016,Pinot Noir,red
Australia,Hilltops,New World,572.3518179506063,7440.5736333578825,23,2016,Syrah,red
Australia,Hunter,New World,3449.7,37946.7,31,2010,Syrah,white
Australia,Hunter Valley,New World,2438.1833944916725,31696.384128391743,32,2016,Syrah,white
Australia,Hunter Valley - other,New World,23.95,263.45,6,2010,Chardonnay,white
Australia,Kangaroo Island,New World,88.8,976.8,15,2010,Syrah,red
Australia,King Valley,New World,1319.6000000000001,14515.6,30,2010,Merlot,red
Australia,Langhorne Creek,New World,5691.0,73983.0,20,2016,Syrah,red
Australia,Limestone Coast - other,New World,3328.0,43264.0,15,2016,Cabernet Sauvignon,red
Australia,Lower Murray - other,New World,260.3,2863.3,12,2010,Syrah,red
Australia,Macedon Ranges,New World,140.86999928951263,1831.3099907636642,20,2016,Pinot Noir,red
Australia,Manjimup,New World,81.19612622261047,1055.5496408939362,10,2016,Sauvignon Blanc,white
Australia,Margaret River,New World,4997.808102488518,64971.50533235073,31,2016,Cabernet Sauvignon,white
Australia,McLaren Vale,New World,7088.0,92144.0,22,2016,Syrah,red
Australia,Mornington Peninsula,New World,808.5664442181587,10511.363774836063,21,2016,Pinot Noir,red
Australia,Mount Benson,New World,233.20000000000002,2565.2000000000003,8,2010,Cabernet Sauvignon,red
Australia,Mount Lofty Ranges - other,New World,467.6,5143.6,22,2010,Syrah,red
Australia,Mudgee,New World,1288.077290609479,16745.004777923226,27,2016,Syrah,red
Australia,Murray Darling (NSW),New World,6533.1,71864.1,29,2010,Chardonnay,white
Australia,Murray Darling (VIC),New World,8339.3,91732.3,34,2010,Chardonnay,white
Australia,Murray Darling - Swan Hill (NSW),New World,7625.354263484478,99129.60542529821,34,2016,Chardonnay,red
Australia,Murray Darling - Swan Hill (Vic),New World,9371.40485560894,121828.26312291622,34,2016,Chardonnay,red
Australia,NSW,New World,34665.184718705714,0.0,53,2023,Syrah,red
Australia,New England Australia,New World,123.0,1353.0,15,2010,Sémillon,white
Australia,North East Victoria - other,New World,1420.8600040450692,18471.1800525859,35,2016,Merlot,red
Australia,North West Victoria - other,New World,121.0,1331.0,12,2010,Syrah,red
Australia,Northern Rivers - other,New World,7.130000025033951,92.69000032544136,5,2016,other,unknown
Australia,Northern Slopes,New World,178.21654069423676,2316.815029025078,21,2016,Syrah,red
Australia,Northern Slopes - other,New World,145.2,1597.2,14,2010,Syrah,red
Australia,Northern Territory,New World,301.5,3015.0,8,2000,other white,white
Australia,Orange,New World,1086.8045212477446,14128.45877622068,26,2016,Syrah,red
Australia,Padthaway,New World,3882.0,50466.0,15,2016,Syrah,red
Australia,Peel,New World,41.09570872783661,534.2442134618759,19,2016,Syrah,red
Australia,Pemberton,New World,367.27973115444183,4774.636505007744,18,2016,Sauvignon Blanc,white
Australia,Perricoota,New World,389.7850676178932,5067.205879032612,15,2016,Chardonnay,red
Australia,Perth Hills,New World,124.93255496025085,1624.123214483261,27,2016,Syrah,red
Australia,Port Phillip - other,New World,520.1599861904979,6762.079820476472,23,2016,Syrah,red
Australia,Pyrenees,New World,586.8673024773598,7629.274932205677,25,2016,Syrah,red
Australia,Qld,New World,670.0238370969892,0.0,36,2023,Syrah,red
Australia,Qld - other,New World,82.64000069350004,1074.3200090155005,24,2016,Syrah,red
Australia,Queensland - other,New World,187.1,2058.1,32,2010,Syrah,red
Australia,Riverina,New World,18140.365525484085,235824.7518312931,38,2016,Syrah,red
Australia,Riverland,New World,20217.0,262821.0,33,2016,Syrah,red
Australia,Robe,New World,643.65,7080.15,12,2010,Syrah,red
Australia,Rutherglen,New World,491.0259541273117,6383.337403655052,25,2016,Syrah,red
Australia,SA,New World,73710.0,0.0,64,2023,Syrah,red
Australia,SA - other,New World,994.0,12922.0,10,2016,Syrah,red
Australia,Shoalhaven Coast,New World,39.6,435.6,19,2010,Chardonnay,white
Australia,South Burnett,New World,220.722949385643,2869.398342013359,17,2016,Syrah,red
Australia,South Coast - other,New World,104.19999972730875,1354.5999964550138,21,2016,Chardonnay,white
Australia,South West Australia - other,New World,100.7,1107.7,11,2010,Sauvignon Blanc,white
Australia,Southern Fleurieu,New World,414.40000000000003,4558.400000000001,28,2010,Syrah,red
Australia,Southern Flinders Ranges,New World,180.4,1984.3999999999999,12,2010,Syrah,red
Australia,Southern Highlands,New World,155.18459022045135,2017.3996728658676,16,2016,Pinot Gris,red
Australia,Southern NSW - other,New World,119.3,1312.3000000000002,14,2010,Syrah,red
Australia,Southern New South Wales - other,New World,46.39999940991402,603.1999923288822,12,2016,Syrah,red
Australia,Strathbogie Ranges,New World,604.1855828762054,7854.412577390671,19,2016,Chardonnay,red
Australia,Sunbury,New World,83.66071880422533,1087.5893444549292,15,2016,Syrah,red
Australia,Swan District,New World,763.8478456437588,9930.021993368864,29,2016,Chenin Blanc,white
Australia,Swan Hill (NSW),New World,308.2,3390.2,19,2010,Syrah,red
Australia,Swan Hill (VIC),New World,3869.3,42562.299999999996,32,2010,Chardonnay,red
Australia,Tas,New World,2069.291973620653,0.0,23,2023,Pinot Noir,red
Australia,Tasmania,New World,1251.2,13763.2,23,2010,Pinot Noir,red
Australia,The Peninsulas,New World,92.9,1021.9,11,2010,Syrah,red
Australia,Tumbarumba,New World,212.52041238546371,2762.7653610110283,9,2016,Chardonnay,white
Australia,Upper Goulburn,New World,382.48568120598793,4972.313855677843,17,2016,Pinot Noir,red
Australia,Vic,New World,22756.668274377473,0.0,53,2023,Syrah,red
Australia,WA,New World,11102.233205795288,0.0,41,2023,Cabernet Sauvignon,white
Australia,WA - other,New World,81.26000073552132,1056.3800095617771,20,2016,Syrah,red
Australia,Western Australia Southeast Coast,New World,18.7,205.7,10,2010,Syrah,red
Australia,Western Plains,New World,236.29000168293715,3071.770021878183,19,2016,Syrah,red
Australia,Western Plains - other,New World,235.6,2591.6,19,2010,Syrah,red
Australia,Western Victoria - other,New World,61.71999903023243,802.3599873930216,10,2016,Pinot Noir,red
Australia,Wrattonbully,New World,2650.0,34450.0,15,2016,Cabernet Sauvignon,red
Australia,Yarra Valley,New World,2203.6651876717806,28647.647439733148,30,2016,Pinot Noir,red
Austria,Bergland,Old World,179.28,0.0,33,2022,Chardonnay,white
Austria,Burgenland,Old World,11543.77,0.0,39,2022,Blaufränkisch,red
Austria,Carnuntum,Old World,906.06,5164.542,34,2016,Zweigelt,red
Austria,Kamptal,Old World,3906.92,22269.444,34,2016,Grüner Veltliner,white
Austria,Kremstal,Old World,2368.42,13499.994,35,2016,Grüner Veltliner,white
Austria,Mittelburgenland,Old World,1896.55,10810.335000000001,32,2016,Blaufränkisch,red
Austria,Neusiedlersee,Old World,7098.41,40460.937,34,2016,Zweigelt,white
Austria,Neusiedlersee Hügelland,Old World,2835.24,16160.868,33,2016,Blaufränkisch,white
Austria,Niederösterreich,Old World,26512.52,0.0,40,2022,Grüner Veltliner,white
Austria,Other regions,Old World,44.97,256.329,18,2016,Grüner Veltliner,white
Austria,Steiermark,Old World,4994.88,0.0,35,2022,Sauvignon Blanc,white
Austria,Steiermark - other,Old World,0.27,1.5390000000000001,2,2016,Pinot Blanc,white
Austria,Südburgenland,Old World,418.5,2385.4500000000003,31,2016,Blaufränkisch,red
Austria,Südsteiermark,Old World,2161.79,12322.203,30,2016,Sauvignon Blanc,white
Austria,Thermenregion,Old World,2181.53,12434.721000000001,37,2016,Zweigelt,white
Austria,Traisental,Old World,815.01,4645.557000000001,34,2016,Grüner Veltliner,white
Austria,Vulkanland Steiermark,Old World,1623.31,9252.867,31,2016,Graševina,white
Austria,Wachau,Old World,1344.06,7661.142,31,2016,Grüner Veltliner,white
Austria,Wagram,Old World,2720.4,15506.28,34,2016,Grüner Veltliner,white
Austria,Weinviertel,Old World,13857.92,78990.144,37,2016,Grüner Veltliner,white
Austria,Weststeiermark,Old World,538.4,3068.88,22,2016,Blauer Wildbacher,red
Austria,Wien,Old World,560.55,0.0,36,2022,Riesling,white
Austria,Wien and other regions,Old World,639.58,4285.186000000001,35,2010,Grüner Veltliner,white
Bulgaria,North Central,Old World,3962.384952330208,15849.539809320831,10,2016,Rkatsiteli,white
Bulgaria,Northeast,Old World,6857.991174736562,27431.96469894625,13,2016,Muscat Ottonel,white
Bulgaria,Northwest,Old World,4168.842134087428,16675.368536349713,14,2016,Cabernet Sauvignon,red
Bulgaria,Severen tsentralen,Old World,4381.0,0.0,15,2020,Rkatsiteli,white
Bulgaria,Severoiztochen,Old World,6230.0,0.0,16,2020,Chardonnay,white
Bulgaria,Severozapaden,Old World,4055.0,0.0,15,2020,Cabernet Sauvignon,red
Bulgaria,South Central,Old World,16719.78337938432,66879.13351753728,14,2016,Merlot,red
Bulgaria,Southeast,Old World,18725.499803690076,74901.9992147603,15,2016,Merlot,red
Bulgaria,Southwest,Old World,2539.808555771395,10159.23422308558,10,2016,Shiroka Melnishka,red
Bulgaria,Yugoiztochen,Old World,19660.0,0.0,17,2020,Merlot,red
Bulgaria,Yugozapaden,Old World,2666.0,0.0,17,2020,Siroka Melniska,red
Bulgaria,Yuzhen tsentralen,Old World,16694.0,0.0,16,2020,Merlot,red
Bulgaria,incBulgaria_Southwest,Old World,3599.0,10437.1,15,2010,Shiroka Melnishka,red
Canada,British Colombia,New World,3994.54238,26763.433946,67,2010,Merlot,red
Canada,British Columbia,New World,5132.11223516,0.0,98,2022,Merlot,red
Canada,Nova Scotia,New World,324.99999999999994,2924.9999999999995,56,2016,L´Acadie Blanc,white
Canada,Ontario,New World,6530.0,58770.0,28,2016,Seyval Blanc,white
Canada,Other regions,New World,1208.62973372,10877.667603480002,28,2016,Seyval Blanc,white
Canada,Quebec,New World,384.40000000000003,3459.6,55,2016,Frontenac,red
Chile,Antofagasta,New World,4.970000000000001,0.0,8,2022,Syrah,red
Chile,Araucania,New World,104.15,0.0,18,2022,Pinot Noir,red
Chile,Arica,New World,15.0,0.0,1,2022,Listán Prieto,red
Chile,Atacama,New World,55.489999999999995,0.0,21,2022,Chardonnay,red
Chile,Aysen,New World,2.48,0.0,3,2022,Pinot Noir,white
Chile,Bio Bio,New World,2683.5400000000004,0.0,24,2022,Pinot Noir,red
Chile,Coquimbo,New World,3057.05,0.0,33,2022,Chardonnay,white
Chile,De Los Lagos,New World,26.71,275.113,9,2016,Pinot Noir,white
Chile,Del Bio Bio,New World,12092.87,124556.561,38,2016,Muscat of Alexandria,red
Chile,Del Maule,New World,52962.2,545510.66,58,2016,Cabernet Sauvignon,red
Chile,L.B.O'Higgins,New World,41414.88000000003,0.0,59,2022,Cabernet Sauvignon,red
Chile,Los Lagos,New World,19.299999999999997,0.0,17,2022,Pinot Noir,red
Chile,Los Rios,New World,18.9,0.0,4,2022,Sauvignon Blanc,white
Chile,Maule,New World,52511.54000000004,0.0,74,2022,Cabernet Sauvignon,red
Chile,Metropolitana,New World,10349.740000000002,0.0,44,2022,Cabernet Sauvignon,red
Chile,O'Higgins,New World,46337.25,477273.67500000005,47,2016,Cabernet Sauvignon,red
Chile,Tarapaca,New World,3.9499999999999997,0.0,9,2022,Listán Prieto,red
Chile,Valparaiso,New World,8379.61,0.0,42,2022,Sauvignon Blanc,white
Chile,Ñuble,New World,10395.939999999984,0.0,46,2022,Listán Prieto,red
China,Beijing,New World,3066.667,47840.0052,1,2010,Cabernet Sauvignon,red
China,Gansu,New World,4986.666560000001,77791.998336,7,2010,Cabernet Sauvignon,red
China,Ningxia,New World,11151.6000697,173964.96108732,16,2010,Cabernet Sauvignon,red
China,Other regions,New World,1286.667,20072.0052,2,2010,Merlot,red
China,ShanXi,New World,546.66666,8527.999896,6,2010,Cabernet Sauvignon,red
China,Shandong,New World,66.66666,1039.9998959999998,1,2010,Cabernet Sauvignon,red
China,Sichuan,New World,533.3333,8319.99948,1,2010,Cabernet Sauvignon,red
China,Tianjin,New World,400.0,6240.0,1,2010,Cabernet Sauvignon,red
China,Xinjiang,New World,3133.3334,48880.00104,4,2010,Cabernet Sauvignon,red
China,Yantai,New World,4373.333,68223.99479999999,2,2010,Cabernet Sauvignon,red
Croatia,Dalmatinska Zagora,Old World,597.38,3703.7560000000003,21,2010,Kujundžuša,white
Croatia,Hrvatsko Primorje,Old World,210.35,1304.17,21,2010,Žlahtina,white
Croatia,Istra,Old World,3082.55,19111.81,21,2010,Malvazija Istarska,white
Croatia,Jadranska Hrvatska,Old World,5308.0,28663.2,9,2016,Plavac Mali,red
Croatia,Kontinentalna Hrvatska,Old World,6438.0,34765.2,8,2016,Graševina,white
Croatia,Moslavina,Old World,227.91,1413.042,22,2010,Graševina,white
Croatia,Other regions,Old World,2262.66,14028.491999999998,2,2010,other white,white
Croatia,Plesivica,Old World,452.27,2804.074,22,2010,Graševina,white
Croatia,Podunavlje,Old World,3205.9,19876.58,22,2010,Graševina,white
Croatia,Pokuplje,Old World,41.32,256.18399999999997,22,2010,Škrlet,white
Croatia,Prigorje - Bilogora,Old World,791.15,4905.13,22,2010,Graševina,white
Croatia,Sjeverna Dalmacija,Old World,2333.1,14465.22,22,2010,Debit,red
Croatia,Slavonija,Old World,3307.29,20505.198,22,2010,Graševina,white
Croatia,Srednja Juzna Dalmacija,Old World,2957.3900000000003,18335.818000000003,21,2010,Plavac Mali,red
Croatia,Zagorje-Medimurje,Old World,1265.73,7847.526,22,2010,Graševina,white
Czechia,Cechy,Old World,248.0,1190.4,11,2016,Riesling,white
Czechia,Jihovýchod,Old World,12800.0,61439.99999999999,14,2016,Grüner Veltliner,white
Czechia,Morava,Old World,16992.3491,0.0,40,2023,Grüner Veltliner,white
Czechia,Praha,Old World,10.0,48.0,6,2016,Riesling,white
Czechia,Severozápad,Old World,274.0,1315.2,11,2016,Müller-Thurgau,white
Czechia,Čechy,Old World,707.8235,0.0,38,2023,Müller-Thurgau,white
France,Ain,Old World,954.1113,6965.012489999999,29,2010,Gamay Noir,red
France,Aisne,Old World,3229.2882,23573.80386,5,2010,Pinot Meunier,red
France,Allier,Old World,716.7328,5232.149439999999,22,2010,Gamay Noir,red
France,Alpes-Maritimes,Old World,152.3862,1112.41926,36,2010,other red,red
France,Alpes-de-Haute-Provence,Old World,843.4242,6156.99666,37,2010,Syrah,red
France,"Alpes-de-Haute-Provence, Hautes-Alpes, Alpes-Maritimes",Old World,1082.16,9631.224,46,2000,Syrah,red
France,Alsace,Old World,7964.940199999959,0.0,3,2022,Gewürztraminer,white
France,Aquitaine,Old World,124197.06239999949,0.0,10,2022,Merlot,red
France,Aquitaine except Gironde,Old World,25732.07,229015.423,97,2000,Merlot,red
France,Ardeche,Old World,11960.214240000001,87309.563952,78,2010,Syrah,red
France,Ariege,Old World,132.917402,970.2970346,30,2010,other red,red
France,Aube,Old World,7870.339000000001,57453.474700000006,8,2010,Pinot Noir,red
France,Aude,Old World,72057.763798,526021.6757254,102,2010,Mazuelo,red
France,Auvergne,Old World,1010.0,7777.0,42,2016,Gamay Noir,red
France,Aveyron,Old World,884.17981,6454.512613,47,2010,Fer,red
France,Bas-Rhin,Old World,6970.8875,50887.478749999995,22,2010,Riesling,white
France,Bouches-du-Rhone,Old World,11663.1841,85141.24393,91,2010,Garnacha Tinta,red
France,Bourgogne,Old World,13386.86810000004,0.0,2,2022,Pinot Noir,red
France,Cantal,Old World,11.0693,80.80589,19,2010,other red,red
France,Centre,Old World,10231.379899999969,0.0,10,2022,Cabernet Franc,red
France,Centre-Val de Loire,Old World,22462.5234,172961.43018,50,2016,Sauvignon Blanc,white
France,Champagne,Old World,34189.0,0.0,7,2023,Pinot Noir,red
France,Champagne-Ardenne,Old World,34332.0,264356.4,10,2016,Pinot Noir,red
France,Charente,Old World,41093.367759999994,299981.58464799996,42,2010,Trebbiano Toscano,white
France,Charente-Maritime,Old World,40790.39274,297769.867002,45,2010,Trebbiano Toscano,white
France,Cher,Old World,4181.71852,30526.545196,16,2010,Sauvignon Blanc,white
France,Correze,Old World,287.31986,2097.4349780000002,23,2010,other red,red
France,"Correze, Haute-Vienne",Old World,49.519999999999996,440.728,10,2000,other red,red
France,Corse,Old World,3957.044400000001,0.0,3,2022,Sangiovese,red
France,Corse-du-Sud,Old World,967.619203,7063.6201819,29,2010,Mammolo,red
France,Cote-d'Or,Old World,9683.030002,70686.11901459999,22,2010,Pinot Noir,red
France,Deux-Sevres,Old World,1226.73983,8955.200759,37,2010,Cabernet Franc,red
France,"Deux-Sevres, Vienne",Old World,1972.98,17559.522,34,2000,Cabernet Franc,red
France,Dordogne,Old World,13820.3766,100888.74918,44,2010,Merlot,red
France,Doubs,Old World,50.575500000000005,369.20115,31,2010,Chardonnay,white
France,Drome,Old World,18506.984699,135100.9883027,73,2010,Garnacha Tinta,red
France,Eure-et-Loire,Old World,0.35,2.5549999999999997,2,2010,Chardonnay,white
France,Franche Comté,Old World,1819.0,14006.3,32,2016,Chardonnay,white
France,Gard,Old World,59209.978701,432232.84451729996,95,2010,Garnacha Tinta,red
France,Gers,Old World,18897.3542,137950.68566,69,2010,Colombard,white
France,Gironde,Old World,123023.0558,898068.3073399999,49,2010,Merlot,red
France,Haut-Rhin,Old World,9208.338,67220.8674,19,2010,Gewürztraminer,white
France,Haute-Corse,Old World,5560.992,40595.2416,41,2010,Sangiovese,red
France,Haute-Garonne,Old World,1992.952805,14548.5554765,66,2010,Négrette,red
France,Haute-Loire,Old World,82.878301,605.0115973,10,2010,other red,red
France,Haute-Marne,Old World,114.31360000000001,834.48928,8,2010,Pinot Noir,red
France,Haute-Saone,Old World,172.0675,1256.09275,12,2010,other white,white
France,Haute-Savoie,Old World,285.7847004,2086.22831292,26,2010,Chasselas,white
France,Hautes-Alpes,Old World,232.0313,1693.8284899999999,33,2010,other red,red
France,Hautes-Pyrenees,Old World,679.57531,4960.899762999999,37,2010,Tannat,red
France,Herault,Old World,93943.89415000001,685790.427295,112,2010,Syrah,red
France,Indre,Old World,980.2119,7155.54687,30,2010,Sauvignon Blanc,red
France,Indre-et-Loire,Old World,10420.721099999999,76071.26402999999,35,2010,Cabernet Franc,red
France,Isere,Old World,263.6234,1924.4508199999998,26,2010,Jacquere,white
France,Jura,Old World,2266.9797,16548.95181,20,2010,Chardonnay,white
France,Landes,Old World,2107.0546,15381.49858,52,2010,Colombard,white
France,Languedoc Roussillon,Old World,245964.2785,1893924.94445,133,2016,Syrah,red
France,Languedoc-Roussillon,Old World,173032.60870000027,0.0,10,2022,Syrah,red
France,Limousin,Old World,83.0,639.1,23,2016,other red,red
France,Loir-et-Cher,Old World,7473.7553,54558.41369,40,2010,Sauvignon Blanc,white
France,Loire,Old World,1067.4357,7792.28061,25,2010,Gamay Noir,red
France,Loire-Atlantique,Old World,15618.31082,114013.668986,41,2010,Melon,white
France,Loiret,Old World,308.6666,2253.26618,27,2010,Pinot Meunier,red
France,Lorraine,Old World,211.0,1624.7,24,2016,Pinot Noir,red
France,Lot,Old World,5570.506544,40664.6977712,56,2010,Côt,red
France,Lot-et-Garonne,Old World,6845.74995,49973.974635,68,2010,Merlot,red
France,Lozere,Old World,10.7476,78.45748,8,2010,Pinot Noir,red
France,Maine-et-Loire,Old World,20765.754202,151590.0056746,35,2010,Cabernet Franc,red
France,Marne,Old World,22614.800499999998,165088.04365,6,2010,Chardonnay,red
France,Mayenne,Old World,1.32,9.636,3,2010,Chardonnay,white
France,Meurthe-et-Moselle,Old World,158.9217,1160.12841,16,2010,Gamay Noir,red
France,Meuse,Old World,44.9811,328.36203,11,2010,Pinot Noir,red
France,Midi Pyrénées,Old World,36827.05600000001,283568.3312000001,105,2016,Colombard,white
France,Midi-Pyrenees except Gers,Old World,18872.27,167963.203,93,2000,Côt,red
France,Moselle,Old World,94.2903,688.3191899999999,20,2010,Pinot Noir,red
France,Mourvedre N,Old World,14752.986600000022,0.0,14,2022,Côt,red
France,Nievre,Old World,1718.844094,12547.5618862,16,2010,Sauvignon Blanc,white
France,Pays De Loire,Old World,15746.92860000007,0.0,10,2022,Cabernet Franc,red
France,Pays de la Loire,Old World,35843.773100000006,275997.0528700001,52,2016,Melon,white
France,Pays de la Loire except Mayenne,Old World,37881.95,337149.35500000004,73,2000,Melon,white
France,Picardie,Old World,2242.0000000000005,17263.400000000005,6,2016,Pinot Meunier,red
France,Poitou Charentes,Old World,85807.62899999997,660718.7432999997,66,2016,Trebbiano Toscano,white
France,Poitou-Charentes,Old World,2941.224299999999,0.0,6,2022,Merlot,red
France,Provence -C. D'Azur,Old World,85562.87840000034,0.0,11,2022,Garnacha Tinta,red
France,Provence-Alpes-Cote d'Azur,Old World,96470.2485,742820.9134500001,126,2016,Garnacha Tinta,red
France,Puy-de-Dome,Old World,881.3859960000001,6434.1177708000005,21,2010,Gamay Noir,red
France,Pyrenees-Atlantiques,Old World,2634.8491,19234.39843,53,2010,Petit Manseng,white
France,Pyrenees-Orientales,Old World,28816.8808,210363.22983999999,58,2010,Garnacha Tinta,red
France,Rhone,Old World,19136.7088003,139697.97424219,28,2010,Gamay Noir,red
France,Rhone-Alpes,Old World,38995.92930000035,0.0,12,2022,Gamay Noir,red
France,Rhône Alpes,Old World,51354.2037,395427.36849,116,2016,Gamay Noir,red
France,Rhône-Alpes except Ardeche,Old World,44860.74,399260.586,92,2000,Gamay Noir,red
France,Saone-et-Loire,Old World,13508.7683,98614.00859,19,2010,Chardonnay,white
France,Sarthe,Old World,321.4524,2346.60252,26,2010,Chenin Blanc,red
France,Savoie,Old World,2092.381,15274.3813,29,2010,Jacquere,white
France,Seine-et-Marne,Old World,82.0894,599.25262,5,2010,Pinot Meunier,red
France,Tarn,Old World,7086.5184,51731.584319999994,57,2010,Fer,red
France,Tarn-et-Garonne,Old World,3820.67106,27890.898738,61,2010,Chasselas,red
France,Var,Old World,31912.9527,232964.55471000003,73,2010,Garnacha Tinta,red
France,Vaucluse,Old World,54117.0233,395054.27009,107,2010,Garnacha Tinta,red
France,Vendee,Old World,1886.04955,13768.161715,43,2010,Gamay Noir,red
France,Vienne,Old World,2199.1167,16053.551909999998,43,2010,Cabernet Franc,red
France,Vosges,Old World,42.464999999999996,309.99449999999996,11,2010,Oberlin,red
France,Yonne,Old World,7223.6859,52732.907069999994,30,2010,Chardonnay,white
France,Île de France,Old World,4.0,30.8,2,2016,Pinot Meunier,red
Georgia,Kakheti,Old World,42578.0,0.0,22,2023,Rkatsiteli,white
Georgia,Other Regions,Old World,5096.0,0.0,29,2023,other,unknown
Georgia,Racha And Lechkhumi,Old World,969.0,0.0,12,2023,Aleksandrouli,red
Germany,Ahr,Old World,522.0,6420.6,25,2016,Pinot Noir,red
Germany,Baden,Old World,14666.0,180391.80000000002,59,2016,Pinot Noir,white
Germany,Brandenburg,Old World,10.0,0.0,5,2020,Regent,red
Germany,Darmstadt,Old World,3517.0,0.0,17,2020,Riesling,white
Germany,Dresden,Old World,257.0,0.0,17,2020,Müller-Thurgau,white
Germany,Franken,Old World,5796.0,71290.8,52,2016,Müller-Thurgau,white
Germany,Freiburg,Old World,11767.0,0.0,18,2020,Pinot Noir,white
Germany,Hessische Bergstraße,Old World,414.0,5092.200000000001,30,2016,Riesling,white
Germany,Karlsruhe,Old World,2476.0,0.0,19,2020,Pinot Noir,red
Germany,Koblenz,Old World,6696.0,0.0,18,2020,Riesling,white
Germany,Köln,Old World,15.0,0.0,5,2020,Riesling,white
Germany,Leipzig,Old World,110.0,0.0,9,2020,Riesling,white
Germany,Mecklenburg-Vorpommern,Old World,2.0,0.0,1,2020,Regent,red
Germany,Mittelfranken,Old World,211.0,0.0,12,2020,Müller-Thurgau,white
Germany,Mittelrhein,Old World,429.0,5276.7,21,2016,Riesling,white
Germany,Mosel,Old World,8137.0,100085.1,45,2016,Riesling,white
Germany,Nahe,Old World,3897.0,47933.1,54,2016,Riesling,white
Germany,Oberfranken,Old World,1.0,0.0,1,2020,Silvaner,white
Germany,Oberpfalz,Old World,1.0,0.0,1,2020,Müller-Thurgau,white
Germany,Pfalz,Old World,21541.0,264954.30000000005,64,2016,Riesling,white
Germany,Rheingau,Old World,2962.0,36432.6,36,2016,Riesling,white
Germany,Rheinhessen,Old World,24117.0,296639.10000000003,81,2016,Riesling,white
Germany,Rheinhessen-Pfalz,Old World,46329.0,0.0,18,2020,Riesling,white
Germany,Saale,Old World,695.0,8548.5,31,2016,Müller-Thurgau,white
Germany,Saarland,Old World,83.0,0.0,9,2020,Pinot Gris,grey_or_gris
Germany,Sachsen,Old World,466.0,5731.8,27,2016,Müller-Thurgau,white
Germany,Sachsen-Anhalt,Old World,636.0,0.0,16,2020,Müller-Thurgau,white
Germany,Schwaben,Old World,26.0,0.0,6,2020,Müller-Thurgau,white
Germany,Stuttgart,Old World,10633.0,0.0,19,2020,Riesling,red
Germany,Thüringen,Old World,61.0,0.0,9,2020,Müller-Thurgau,white
Germany,Trier,Old World,6609.0,0.0,15,2020,Riesling,white
Germany,Tübingen,Old World,580.0,0.0,15,2020,Pinot Noir,white
Germany,Unterfranken,Old World,5166.0,0.0,15,2020,Silvaner,white
Germany,Württemberg,Old World,10859.0,133565.7,57,2016,Schiava Grossa,red
Greece,"Anatoliki Makedonia, Thraki",Old World,1865.0,0.0,17,2020,Sauvignon Blanc,white
Greece,Attiki,Old World,6123.0,0.0,12,2020,Savatiano,white
Greece,Dytiki Ellada,Old World,7043.0,83811.7,20,2016,Roditis,grey_or_gris
Greece,Dytiki Elláda,Old World,7512.0,0.0,16,2020,Roditis,grey_or_gris
Greece,Dytiki Makedonia,Old World,2064.0,0.0,11,2020,Xinomavro,red
Greece,Ionia Nisia,Old World,136.0,0.0,8,2020,Mavrodafni,red
Greece,Ipeiros,Old World,159.0,0.0,7,2020,Cabernet Sauvignon,red
Greece,Kentriki Makedonia,Old World,3602.0,0.0,18,2020,Xinomavro,red
Greece,Kriti,Old World,6697.0,0.0,16,2020,Liatiko,red
Greece,Notio Aigaio,Old World,2555.0,0.0,14,2020,Assyrtiko,white
Greece,Peloponnisos,Old World,8508.0,0.0,17,2020,Agiorgitiko,red
Greece,Peloponnissos,Old World,8739.0,103994.1,29,2016,Agiorgitiko,red
Greece,Sterea Ellada,Old World,6291.0,74862.90000000001,25,2016,Savatiano,white
Greece,Sterea Elláda,Old World,6540.0,0.0,18,2020,Savatiano,white
Greece,Thessalia,Old World,3700.0,0.0,13,2020,Muscat of Hamburg,red
Greece,Voreio Aigaio,Old World,2493.0,0.0,9,2020,Muscat Blanc à Petits Grains,white
Hungary,Badacsony,Old World,1382.3736999999999,9676.615899999999,61,2016,Graševina,white
Hungary,Balatonboglar,Old World,3230.8624000000004,22616.0368,47,2016,Chardonnay,white
Hungary,Balatonfelvidek,Old World,830.2427,5811.6989,50,2016,Graševina,white
Hungary,Balatonfured-Csopak,Old World,2032.164389999998,14225.150729999988,65,2016,Graševina,white
Hungary,Budapest,Old World,1.0,0.0,1,2020,Grüner Veltliner,white
Hungary,Bukk,Old World,1014.8051999999998,7103.6363999999985,38,2016,Blaufränkisch,white
Hungary,Csongrad,Old World,1126.3533000000002,7884.473100000001,43,2016,Blaufränkisch,white
Hungary,Dél-Alföld,Old World,19491.0,0.0,29,2020,Bianca,white
Hungary,Dél-Dunántúl,Old World,9796.0,0.0,26,2020,Blaufränkisch,red
Hungary,Eger,Old World,5352.7861,37469.5027,64,2016,Blaufränkisch,red
Hungary,Etyek-Budai,Old World,1512.9718999999996,10590.803299999996,72,2016,Chardonnay,white
Hungary,Hajos-Bajai,Old World,1889.1549000000005,13224.084300000004,55,2016,Cserszegi Fűszeres,red
Hungary,Kunsag,Old World,20518.840460000007,143631.88322000005,86,2016,Bianca,white
Hungary,Közép-Dunántúl,Old World,6758.0,0.0,28,2020,Graševina,white
Hungary,Matra,Old World,6247.962800000001,43735.73960000001,67,2016,Müller-Thurgau,white
Hungary,Mor,Old World,573.1103,4011.7721000000006,39,2016,Ezerjó,white
Hungary,Nagy-Somlo,Old World,552.76245,3869.33715,55,2016,Graševina,white
Hungary,Neszmely,Old World,1077.4761799999999,7542.333259999999,55,2016,Chardonnay,white
Hungary,Nyugat-Dunántúl,Old World,2491.0,0.0,28,2020,Blaufränkisch,red
Hungary,Pannonhalma,Old World,622.1432000000001,4355.002400000001,37,2016,Graševina,white
Hungary,Pecs,Old World,673.4635,4714.2445,55,2016,Graševina,white
Hungary,Pest,Old World,1338.0,0.0,29,2020,Chardonnay,white
Hungary,Sopron,Old World,1650.1014,11550.7098,51,2016,Blaufränkisch,red
Hungary,Szekszard,Old World,2183.374640000001,15283.622480000005,55,2016,Blaufränkisch,red
Hungary,Tokaj,Old World,5708.814159999999,39961.69911999999,37,2016,Furmint,white
Hungary,Tolna,Old World,2399.31565,16795.20955,53,2016,Blaufränkisch,white
Hungary,Villany,Old World,2468.6849000000007,17280.794300000005,49,2016,Cabernet Sauvignon,red
Hungary,Zala,Old World,832.76954,5829.386780000001,61,2016,other white,white
Hungary,Észak-Alföld,Old World,683.0,0.0,18,2020,Blaufränkisch,red
Hungary,Észak-Magyarország,Old World,16316.0,0.0,28,2020,Furmint,white
Italy,Abruzzo,Old World,31951.24449825287,0.0,42,2020,Montepulciano,red
Italy,Agrigento,Old World,16780.829999999998,167808.3,91,2010,Nero d'Avola,red
Italy,Alessandria,Old World,12328.25,123282.5,82,2010,Barbera,red
Italy,Ancona,Old World,4739.11,47391.1,133,2010,Verdicchio Bianco,white
Italy,Arezzo,Old World,7031.4,70314.0,200,2010,Sangiovese,red
Italy,Ascoli Piceno,Old World,6111.29,61112.9,171,2010,Sangiovese,red
Italy,Asti,Old World,15558.61,155586.1,79,2010,Barbera,red
Italy,Avellino,Old World,5711.49,57114.9,93,2010,Aglianico,red
Italy,Bari,Old World,7586.39,75863.9,217,2010,Tribidrag,red
Italy,Barletta-Andria-Trani,Old World,16241.279999999999,162412.8,215,2010,Sangiovese,red
Italy,Basilicata,Old World,1882.0,0.0,32,2020,Aglianico,red
Italy,Belluno,Old World,52.080000000000005,520.8,50,2010,Tribidrag,red
Italy,Benevento,Old World,10487.720000000001,104877.20000000001,111,2010,Aglianico,red
Italy,Bergamo,Old World,803.64,8036.4,58,2010,Merlot,red
Italy,Biella,Old World,289.1,2891.0,35,2010,Nebbiolo,red
Italy,Bologna,Old World,6844.73,68447.3,92,2010,Trebbiano Romagnolo,white
Italy,Bolzano-Bozen,Old World,4072.0,50085.6,66,2016,Schiava Lombarda,white
Italy,Brescia,Old World,6016.1900000000005,60161.9,106,2010,Chardonnay,white
Italy,Brindisi,Old World,9676.58,96765.8,191,2010,Negroamaro,red
Italy,Cagliari,Old World,4562.55,45625.5,62,2010,Nuragus,red
Italy,Calabria,Old World,7905.82966542244,0.0,38,2020,Gaglioppo,red
Italy,Caltanissetta,Old World,4170.04,41700.4,62,2010,Nero d'Avola,red
Italy,Campania,Old World,23137.0,0.0,49,2020,Aglianico,red
Italy,Campobasso,Old World,4714.97,47149.7,207,2010,Montepulciano,red
Italy,Carbonia-Iglesias,Old World,1947.64,19476.4,45,2010,Mazuelo,red
Italy,Caserta,Old World,2061.75,20617.5,114,2010,Aglianico,red
Italy,Catania,Old World,2990.47,29904.7,74,2010,Nerello Mascalese,red
Italy,Catanzaro,Old World,705.76,7057.6,66,2010,Greco Nero,red
Italy,Chieti,Old World,25989.199999999997,259891.99999999997,106,2010,Montepulciano,red
Italy,Como,Old World,22.99,229.9,32,2010,other red,red
Italy,Cosenza,Old World,4162.47,41624.7,140,2010,Gaglioppo,red
Italy,Cremona,Old World,65.48,654.8,40,2010,other red,red
Italy,Crotone,Old World,3228.8,32288.0,50,2010,Gaglioppo,red
Italy,Cuneo,Old World,16065.48,160654.80000000002,82,2010,Muscat Blanc à Petits Grains,red
Italy,Emilia-Romagna,Old World,50977.07416343689,0.0,46,2020,Trebbiano Romagnolo,red
Italy,Enna,Old World,278.29,2782.9,45,2010,other red,red
Italy,Fermo,Old World,1705.55,17055.5,140,2010,Sangiovese,red
Italy,Ferrara,Old World,572.09,5720.900000000001,60,2010,Trebbiano Romagnolo,white
Italy,Firenze,Old World,18361.53,183615.3,188,2010,Sangiovese,red
Italy,Foggia,Old World,25248.89,252488.9,233,2010,Sangiovese,red
Italy,Forlì-Cesena,Old World,7017.07,70170.7,87,2010,Sangiovese,red
Italy,Friuli-Venezia Giulia,Old World,25929.0,0.0,27,2020,Pinot Gris,white
Italy,Frosinone,Old World,1877.2,18772.0,106,2010,other white,white
Italy,Genova,Old World,177.35,1773.5,59,2010,Albarola,white
Italy,Gorizia,Old World,4064.29,40642.9,49,2010,Pinot Gris,white
Italy,Grosseto,Old World,7438.18,74381.8,219,2010,Sangiovese,red
Italy,Imperia,Old World,414.18,4141.8,40,2010,Vermentino,red
Italy,Isernia,Old World,438.53000000000003,4385.3,139,2010,Sangiovese,red
Italy,L'Aquila,Old World,439.76000000000005,4397.6,34,2010,Montepulciano,red
Italy,La Spezia,Old World,616.95,6169.5,62,2010,Vermentino,white
Italy,Latina,Old World,3756.9700000000003,37569.7,90,2010,Malvasia Bianca di Candia,white
Italy,Lazio,Old World,18048.549293518066,0.0,52,2020,Malvasia Bianca di Candia,white
Italy,Lecce,Old World,8379.02,83790.20000000001,155,2010,Negroamaro,red
Italy,Lecco,Old World,57.17,571.7,32,2010,Merlot,red
Italy,Liguria,Old World,1060.0,0.0,17,2020,Vermentino,white
Italy,Livorno,Old World,2425.17,24251.7,117,2010,Cabernet Sauvignon,red
Italy,Lodi,Old World,19.82,198.2,23,2010,Croatina,red
Italy,Lombardia,Old World,21851.054321289062,0.0,26,2020,Pinot Noir,red
Italy,Lucca,Old World,1053.22,10532.199999999999,185,2010,Sangiovese,red
Italy,Macerata,Old World,2185.39,21853.9,151,2010,Verdicchio Bianco,white
Italy,Mantova,Old World,1803.47,18034.7,83,2010,Merlot,red
Italy,Marche,Old World,16343.9755859375,0.0,47,2020,Verdicchio Bianco,white
Italy,Massa-Carrara,Old World,758.85,7588.5,192,2010,Vermentino,red
Italy,Matera,Old World,1242.98,12429.8,68,2010,Sangiovese,red
Italy,Medio Campidano,Old World,638.03,6380.299999999999,59,2010,Nuragus,red
Italy,Messina,Old World,866.41,8664.1,65,2010,other red,red
Italy,Milano,Old World,206.5,2065.0,37,2010,Croatina,red
Italy,Modena,Old World,7873.72,78737.2,94,2010,Lambrusco Salamino,red
Italy,Molise,Old World,5066.0,0.0,36,2020,Montepulciano,red
Italy,Monza e della Brianza,Old World,3.38,33.8,7,2010,Canaiolo Nero,red
Italy,Napoli,Old World,1609.37,16093.699999999999,72,2010,Falanghina,white
Italy,Novara,Old World,534.6700000000001,5346.7,39,2010,Nebbiolo,red
Italy,Nuoro,Old World,2401.03,24010.3,57,2010,Garnacha Tinta,red
Italy,Ogliastra,Old World,1604.9399999999998,16049.4,45,2010,Garnacha Tinta,red
Italy,Olbia-Tempio,Old World,2136.43,21364.3,43,2010,Vermentino,white
Italy,Oristano,Old World,2228.39,22283.9,84,2010,other red,red
Italy,Padova,Old World,5849.92,58499.2,216,2010,Merlot,red
Italy,Palermo,Old World,14568.99,145689.9,78,2010,Catarratto Bianco,white
Italy,Parma,Old World,736.18,7361.8,79,2010,Malvasia Bianca di Candia,red
Italy,Pavia,Old World,13193.23,131932.30000000002,61,2010,Croatina,red
Italy,Perugia,Old World,7619.97,76199.7,160,2010,Sangiovese,red
Italy,Pesaro e Urbino,Old World,2004.1399999999999,20041.4,117,2010,Biancame,white
Italy,Pescara,Old World,3158.63,31586.300000000003,42,2010,Montepulciano,red
Italy,Piacenza,Old World,5906.02,59060.2,84,2010,Barbera,red
Italy,Piemonte,Old World,41602.0,0.0,32,2020,Barbera,red
Italy,Pisa,Old World,3162.58,31625.799999999996,169,2010,Sangiovese,red
Italy,Pistoia,Old World,775.73,7757.3,115,2010,Sangiovese,red
Italy,Pordenone,Old World,7694.86,76948.6,69,2010,Pinot Gris,grey_or_gris
Italy,Potenza,Old World,3619.7200000000003,36197.200000000004,116,2010,Aglianico,red
Italy,Prato,Old World,508.75,5087.5,60,2010,Sangiovese,red
Italy,Provincia Autonoma di Bolzano/Bozen,Old World,5132.0,0.0,11,2020,Pinot Noir,red
Italy,Provincia Autonoma di Trento,Old World,9445.0,0.0,20,2020,Pinot Gris,white
Italy,Puglia,Old World,87503.7114868164,0.0,62,2020,Tribidrag,red
Italy,Ragusa,Old World,1380.55,13805.5,32,2010,Nero d'Avola,red
Italy,Ravenna,Old World,16388.07,163880.69999999998,93,2010,Trebbiano Romagnolo,white
Italy,Reggio di Calabria,Old World,1343.36,13433.6,88,2010,other red,red
Italy,Reggio nell'Emilia,Old World,8027.49,80274.9,100,2010,Ancellotta,red
Italy,Rieti,Old World,749.79,7497.900000000001,84,2010,Sangiovese,white
Italy,Rimini,Old World,2431.0800000000004,24310.8,80,2010,Sangiovese,red
Italy,Roma,Old World,7060.8099999999995,70608.1,118,2010,Malvasia Bianca di Candia,white
Italy,Rovigo,Old World,362.59999999999997,3626.0,124,2010,Merlot,red
Italy,Salerno,Old World,3314.59,33145.9,160,2010,Barbera,red
Italy,Sardegna,Old World,23968.488996505737,0.0,42,2020,Alicante Henri Bouschet,red
Italy,Sassari,Old World,2946.29,29462.899999999998,65,2010,Vermentino,red
Italy,Savona,Old World,329.25,3292.5,44,2010,Vermentino,white
Italy,Sicilia,Old World,118285.0,0.0,47,2020,Catarratto Bianco,white
Italy,Siena,Old World,18323.47,183234.7,199,2010,Sangiovese,red
Italy,Siracusa,Old World,1383.3799999999999,13833.8,36,2010,Nero d'Avola,red
Italy,Sondrio,Old World,873.65,8736.5,38,2010,Nebbiolo,red
Italy,Taranto,Old World,15627.43,156274.3,205,2010,Tribidrag,red
Italy,Teramo,Old World,2601.84,26018.4,60,2010,Montepulciano,red
Italy,Terni,Old World,4870.74,48707.4,120,2010,Trebbiano Toscano,white
Italy,Torino,Old World,1313.2,13132.0,103,2010,Barbera,red
Italy,Toscana,Old World,58209.0,0.0,34,2020,Sangiovese,red
Italy,Trapani,Old World,61649.36,616493.6,99,2010,Catarratto Bianco,white
Italy,Trento,Old World,10078.999999999998,123971.69999999998,127,2016,Chardonnay,white
Italy,Treviso,Old World,28580.25,285802.5,236,2010,Prosecco,white
Italy,Trieste,Old World,205.05,2050.5,37,2010,Vitovska,white
Italy,Udine,Old World,7285.4,72854.0,61,2010,Pinot Gris,red
Italy,Umbria,Old World,11573.881820678711,0.0,50,2020,Sangiovese,red
Italy,Valle d'Aosta,Old World,375.0,4612.5,54,2016,Petit Rouge,red
Italy,Valle d’Aosta/Vallée d’Aoste,Old World,200.0,0.0,15,2020,Nebbiolo,red
Italy,Varese,Old World,23.36,233.6,37,2010,Merlot,red
Italy,Veneto,Old World,92319.0,0.0,46,2020,Prosecco,white
Italy,Venezia,Old World,6604.37,66043.7,162,2010,Pinot Gris,red
Italy,Verbano-Cusio-Ossola,Old World,28.17,281.7,18,2010,Nebbiolo,red
Italy,Vercelli,Old World,199.57000000000002,1995.7,28,2010,Nebbiolo,red
Italy,Verona,Old World,27750.35,277503.5,257,2010,Garganega,red
Italy,Vibo Valentia,Old World,344.19,3441.9,50,2010,Magliocco Canino,red
Italy,Vicenza,Old World,8444.91,84449.1,209,2010,Merlot,red
Italy,Viterbo,Old World,2956.64,29566.399999999998,110,2010,Trebbiano Giallo,white
Japan,Akita,New World,14.3,0.0,5,2022,Yama Sauvignon,red
Japan,Aomori,New World,26.3,0.0,9,2022,Pinot Noir,white
Japan,Fukui,New World,2.9,0.0,2,2022,Yamabudo,red
Japan,Fukuoka,New World,0.6,0.0,1,2022,Kyoho (4N),red
Japan,Fukushima,New World,19.1,0.0,9,2022,Chardonnay,red
Japan,Hiroshima,New World,12.600000000000001,0.0,8,2022,Muscat Bailey A,red
Japan,Hokkaido,New World,602.8,0.0,35,2022,other,red
Japan,Ishikawa,New World,41.0,0.0,13,2022,Delaware,red
Japan,Iwate,New World,134.9,0.0,15,2022,Yamabudo,red
Japan,Kagawa,New World,8.0,0.0,5,2022,Delaware,grey_or_gris
Japan,Miyazaki,New World,46.6,0.0,9,2022,Campbell Early,red
Japan,Nagano,New World,673.2,0.0,26,2022,Merlot,red
Japan,Niigata,New World,39.800000000000004,0.0,13,2022,Chardonnay,red
Japan,Oita,New World,27.0,0.0,7,2022,Chardonnay,red
Japan,Osaka,New World,12.2,0.0,5,2022,Delaware,red
Japan,Other,New World,3428.5,0.0,1,2022,other,unknown
Japan,Other regions,New World,408.12076172273976,4285.267998088767,27,2016,Koshu,red
Japan,Saitama,New World,26.0,0.0,4,2022,Kyoho (4N),red
Japan,Shiga,New World,1.7,0.0,2,2022,Muscat Bailey A,red
Japan,Shimane,New World,118.1,0.0,7,2022,Delaware,grey_or_gris
Japan,Tottori,New World,1.7000000000000002,0.0,2,2022,Kyoho (4N),red
Japan,Yamagata,New World,592.1999999999999,0.0,21,2022,Delaware,grey_or_gris
Japan,Yamanashi,New World,636.9,0.0,13,2022,Koshu,grey_or_gris
Kazakhstan,Almaty,Old World,4552.9778720885515,0.0,16,2022,Rkatsiteli,white
Kazakhstan,East Kazakhstan,Old World,2.8027799921110264,0.0,16,2022,other red,white
Kazakhstan,Other regions,Old World,2.2113999847788355,0.0,16,2022,other white,white
Kazakhstan,South Kazakhstan,Old World,2161.812361985445,0.0,16,2022,Rkatsiteli,white
Kazakhstan,West Kazakhstan,Old World,1.8501499854028216,0.0,15,2022,other red,red
Kazakhstan,Zhambyl,Old World,216.54399786307476,0.0,16,2022,other white,white
Mexico,Aguascalientes,New World,850.0,11050.0,3,2016,Mazuelo,red
Mexico,Baja California,New World,2863.0,37219.0,11,2016,Cabernet Sauvignon,red
Mexico,Coahuila,New World,279.0,3627.0,5,2016,Jacquez,red
Mexico,Sonora,New World,1164.0,15132.0,4,2016,Sultaniye,white
Mexico,Zacatecas,New World,309.0,4017.0,3,2016,Cardinal,red
New Zealand,Auckland,New World,269.32000000000005,0.0,39,2023,Chardonnay,red
New Zealand,Canterbury,New World,197.149,2089.7794,16,2016,Pinot Noir,white
New Zealand,Central Otago,New World,2114.6799999999994,0.0,25,2023,Pinot Noir,red
New Zealand,Gisborne,New World,1238.68,0.0,23,2023,Chardonnay,white
New Zealand,Hawkes Bay,New World,4622.85,0.0,40,2023,Chardonnay,white
New Zealand,Marlborough,New World,29969.60000000004,0.0,39,2023,Sauvignon Blanc,white
New Zealand,Nelson,New World,1068.87,0.0,21,2023,Sauvignon Blanc,white
New Zealand,North Canterbury,New World,1467.32,0.0,24,2023,Sauvignon Blanc,white
New Zealand,Northland,New World,74.13000000000001,0.0,31,2023,Chardonnay,red
New Zealand,Otago,New World,1941.872,20583.8432,24,2016,Pinot Noir,red
New Zealand,Other,New World,30.65,0.0,4,2023,Sauvignon Blanc,white
New Zealand,Other regions,New World,836.3,6104.99,8,2010,other red,red
New Zealand,Waikato,New World,16.2458,172.20548,11,2016,Pinot Noir,red
New Zealand,Waikato / Bay Of Plenty,New World,6.1899999999999995,0.0,10,2023,Pinot Gris,red
New Zealand,Waipara,New World,1230.9190800000001,13047.742248,22,2016,Pinot Noir,white
New Zealand,Wairarapa,New World,1080.6799999999998,0.0,29,2023,Pinot Noir,red
New Zealand,Waitaki Valley,New World,47.8,0.0,11,2023,Pinot Noir,red
Peru,Arequipa,New World,1356.0,33493.2,17,2016,Negramoll,red
Peru,Lima,New World,783.0,19340.1,11,2016,Blaufränkisch,red
Peru,Moquegua,New World,877.0,21661.899999999998,19,2016,Negramoll,red
Peru,Tacna,New World,815.0,20130.5,19,2016,Italia,white
Poland,DOLNOŚLĄSKIE,,129.28922057978343,0.0,139,2024,Solaris,white
Poland,KUJAWSKO-POMORSKIE,,28.396000257693228,0.0,48,2024,Solaris,white
Poland,LUBELSKIE,,111.20789978280663,0.0,67,2024,Solaris,white
Poland,LUBUSKIE,,157.21980030508712,0.0,68,2024,Riesling,white
Poland,MAZOWIECKIE,,52.74929995124694,0.0,50,2024,Solaris,white
Poland,MAŁOPOLSKIE,,132.3063000969123,0.0,87,2024,Solaris,white
Poland,OPOLSKIE,,43.00099990423769,0.0,45,2024,Souvignier Gris,white
Poland,PODKARPACKIE,,76.50999996974133,0.0,77,2024,Solaris,white
Poland,PODLASKIE,,8.865999933332203,0.0,38,2024,Solaris,red
Poland,POMORSKIE,,8.037129961478056,0.0,42,2024,Solaris,white
Poland,WARMIŃSKO-MAZURSKIE,,3.8610000706976266,0.0,23,2024,Solaris,white
Poland,WIELKOPOLSKIE,,39.6732000875636,0.0,48,2024,Solaris,white
Poland,ZACHODNIOPOMORSKIE,,79.23171977745369,0.0,41,2024,Solaris,white
Poland,ŁÓDZKIE,,28.377500104485076,0.0,59,2024,Seyval Blanc,white
Poland,ŚLĄSKIE,,34.79646966373548,0.0,48,2024,Pinot Noir,red
Poland,ŚWIĘTOKRZYSKIE,,57.25271011888981,0.0,57,2024,Solaris,white
Portugal,Acores,Old World,176.14,739.788,11,2016,Arinto de Bucelas,white
Portugal,Alentejo,Old World,25924.0,0.0,18,2022,Tempranillo,red
Portugal,Algarve,Old World,1442.0000000000005,0.0,18,2022,Negramoll,red
Portugal,Alto Tras-os-Montes,Old World,59112.34,271916.76399999997,172,2010,Touriga Franca,red
Portugal,Beira Atlântico,Old World,13390.999999999998,0.0,12,2022,Baga,red
Portugal,Beira Interior,Old World,15967.83,73452.018,157,2010,Rufete,red
Portugal,Beira Litoral,Old World,15240.82,70107.772,186,2010,Baga,red
Portugal,Centro,Old World,67240.02,282408.08400000003,234,2016,Fernão Pires,red
Portugal,Douro,Old World,43466.0,0.0,17,2022,Touriga Franca,red
Portugal,Entre Douro e Minho,Old World,14287.63,65723.098,101,2010,Loureiro,white
Portugal,Lisboa,Old World,19869.0,0.0,18,2022,other,red
Portugal,Madeira,Old World,846.84,3556.728,9,2016,Negramoll,red
Portugal,Minho,Old World,24371.0,0.0,10,2022,Loureiro,white
Portugal,Norte,Old World,74870.0,314454.0,190,2016,Touriga Franca,red
Portugal,Península De Setúbal,Old World,8027.0,0.0,15,2022,Castelão,red
Portugal,Ribatejo e Oeste,Old World,34920.450000000004,160634.06999999998,137,2010,Castelão,red
Portugal,Tejo,Old World,12847.000000000002,0.0,14,2022,Fernão Pires,red
Portugal,Terras Da Beira,Old World,14059.0,0.0,17,2022,Rufete,red
Portugal,Terras De Cister,Old World,2274.0,0.0,22,2022,Malvasia Fina,white
Portugal,Terras Do Dão,Old World,13409.0,0.0,12,2022,Mencía,red
Portugal,Trás-Os-Montes,Old World,9701.000000000002,0.0,16,2022,Tempranillo,red
Romania,Alba,Old World,4618.8361,0.0,24,2022,Fetească Regală,white
Romania,Arad,Old World,2617.9018,0.0,25,2022,Fetească Regală,red
Romania,Arges,Old World,968.503,0.0,21,2022,Fetească Regală,white
Romania,Bacau,Old World,4443.36,0.0,18,2022,other,unknown
Romania,Bihor,Old World,1927.4391000000003,0.0,27,2022,other,unknown
Romania,Bistrita-Nasaud,Old World,497.32,0.0,23,2022,other,white
Romania,Botosani,Old World,1134.2135,0.0,12,2022,other,unknown
Romania,Braila,Old World,4500.2202,0.0,21,2022,other,unknown
Romania,Brasov,Old World,2.5,0.0,1,2022,other,unknown
Romania,Bucuresti,Old World,6.28,0.0,5,2022,other,unknown
Romania,Bucuresti - Ilfov,Old World,443.0,2170.7000000000003,2,2010,other white,white
Romania,Buzau,Old World,12432.6038,0.0,31,2022,other,unknown
Romania,Calarasi,Old World,4869.748,0.0,19,2022,other,unknown
Romania,Caras-Severin,Old World,662.3199999999999,0.0,11,2022,other,white
Romania,Centru,Old World,5349.0,26210.100000000002,18,2010,Fetească Regală,white
Romania,Cluj,Old World,185.47,0.0,18,2022,Fetească Regală,white
Romania,Constanta,Old World,9823.9456,0.0,34,2022,other,white
Romania,Dambovita,Old World,247.29,0.0,8,2022,other,unknown
Romania,Dolj,Old World,11298.2095,0.0,33,2022,other,unknown
Romania,Galati,Old World,14814.115800000001,0.0,35,2022,other,unknown
Romania,Giurgiu,Old World,3619.3992000000003,0.0,21,2022,other,unknown
Romania,Gorj,Old World,2820.42,0.0,2,2022,other,unknown
Romania,Harghita,Old World,34.3743,0.0,15,2022,other,unknown
Romania,Hunedoara,Old World,18.869999999999997,0.0,11,2022,other,unknown
Romania,Ialomita,Old World,3563.9300000000003,0.0,12,2022,other,unknown
Romania,Iasi,Old World,10567.4808,0.0,34,2022,other,white
Romania,Ilfov,Old World,504.29999999999995,0.0,3,2022,other,unknown
Romania,Maramures,Old World,193.319,0.0,8,2022,other,unknown
Romania,Mehedinti,Old World,4329.8206,0.0,26,2022,other,unknown
Romania,Mures,Old World,816.7811,0.0,29,2022,other,white
Romania,Neamt,Old World,558.9010000000001,0.0,4,2022,other,unknown
Romania,Nord-Est,Old World,28072.0,137552.80000000002,27,2010,other white,white
Romania,Nord-Vest,Old World,6667.0,32668.3,19,2010,other white,white
Romania,Olt,Old World,7100.0801,0.0,30,2022,other,unknown
Romania,Prahova,Old World,7829.6965,0.0,36,2022,Merlot,red
Romania,Salaj,Old World,1666.0064,0.0,31,2022,other,unknown
Romania,Satu-Mare,Old World,2992.6951,0.0,27,2022,other,unknown
Romania,Sibiu,Old World,470.3,0.0,21,2022,other,white
Romania,Sud-Est,Old World,68081.0,333596.9,27,2010,other white,white
Romania,Sud-Muntenia,Old World,27069.0,132638.1,24,2010,other red,red
Romania,Sud-Vest Oltenia,Old World,31966.0,156633.40000000002,24,2010,other red,red
Romania,Teleorman,Old World,7010.432,0.0,21,2022,other,unknown
Romania,Timis,Old World,2419.3759,0.0,29,2022,Merlot,white
Romania,Tulcea,Old World,6274.8325,0.0,32,2022,other,unknown
Romania,Valcea,Old World,3874.495,0.0,27,2022,other,white
Romania,Vaslui,Old World,10297.4316,0.0,35,2022,other,unknown
Romania,Vest,Old World,2645.0,12960.500000000002,17,2010,Fetească Regală,white
Romania,Vrancea,Old World,26136.446200000002,0.0,40,2022,other,white
Russia,Crimea,Old World,26500.000000000004,0.0,13,2023,Rkatsiteli,white
Russia,Krasnodar Krai,Old World,24103.170000000002,0.0,20,2023,Chardonnay,white
Russia,Other regions,Old World,1317.0000000000005,0.0,32,2023,Chardonnay,white
Russia,Rostov Oblast,Old World,4500.0,0.0,20,2023,Bianca,white
Serbia,Banat,Old World,98.1510284270598,647.7967876185946,10,2016,other red,red
Serbia,Bačka,Old World,22.997064872878944,151.780628161001,10,2016,Chardonnay,white
Serbia,Belgrade,Old World,1131.5881231330752,7468.481612678297,10,2016,other red,red
Serbia,Knjaževac,Old World,1077.4379498409155,7111.090468950042,10,2016,other white,white
Serbia,Leskovac,Old World,1451.4403581112651,9579.506363534349,10,2016,Riesling,red
Serbia,Mlava,Old World,815.0878170729602,5379.579592681537,10,2016,other red,red
Serbia,Negotinska Krajina,Old World,975.3794537769465,6437.504394927847,10,2016,Riesling,white
Serbia,Niš,Old World,1315.8896037063605,8684.871384461978,10,2016,other red,red
Serbia,Nišava,Old World,476.985451887607,3148.103982458206,10,2016,other red,red
Serbia,South Banat,Old World,1722.4142389353094,11367.933976973043,11,2016,Graševina,white
Serbia,Srem,Old World,2141.817454699523,14135.995201016849,10,2016,other white,white
Serbia,Subotica,Old World,311.4781645320747,2055.7558859116925,10,2016,Sauvignon Blanc,white
Serbia,Telečka,Old World,114.87992835083594,758.2075271155171,10,2016,Merlot,white
Serbia,Tisa,Old World,260.9617683840225,1722.347671334548,10,2016,Muscat Fleur d’Oranger,white
Serbia,Toplica,Old World,760.9488284170468,5022.262267552509,10,2016,Prokupac,red
Serbia,Tri Morave,Old World,7543.972453613706,49790.21819385046,10,2016,other red,red
Serbia,Valjevo,Old World,190.9210649464709,1260.0790286467077,10,2016,Morava,white
Serbia,Vranje,Old World,419.23354098709274,2766.9413705148118,10,2016,Chardonnay,white
Serbia,Čačak-Kraljevo,Old World,64.88617813524375,428.2487756926088,10,2016,Prokupac,red
Serbia,Šumadija,Old World,1117.5295281696165,7375.694885919469,10,2016,Muscat of Hamburg,red
Slovakia,Bratislavský kraj,Old World,1816.0,0.0,24,2020,Grüner Veltliner,white
Slovakia,Juznoslovenska,Old World,4141.4,12424.2,37,2010,Graševina,white
Slovakia,Malokarpatska,Old World,3682.93,11048.789999999999,34,2010,Grüner Veltliner,white
Slovakia,Nitrianska,Old World,2651.73,7955.19,36,2010,Grüner Veltliner,white
Slovakia,Stredné Slovensko,Old World,1372.0,0.0,23,2020,Blaufränkisch,white
Slovakia,Tokajska,Old World,453.07,1359.21,22,2010,Furmint,white
Slovakia,Východné Slovensko,Old World,882.0,0.0,20,2020,Furmint,white
Slovakia,Západné Slovensko,Old World,7592.0,0.0,26,2020,Grüner Veltliner,white
Slovenia,Bela Krajina,Old World,303.07227660373997,0.0,34,2022,Blaufränkisch,white
Slovenia,Bela krajina,Old World,368.99999999999994,2177.1,16,2016,Blaufränkisch,white
Slovenia,Bizeljsko Sremic,Old World,878.0,5180.200000000001,16,2016,Blaufränkisch,white
Slovenia,Bizeljsko-Sremič,Old World,677.1240966873529,0.0,36,2022,Blaufränkisch,white
Slovenia,Dolenjska,Old World,1335.3797954639792,0.0,36,2022,Žametovka,red
Slovenia,Goriska brda,Old World,1802.9999999999998,10637.7,15,2016,Ribolla Gialla,white
Slovenia,Goriška Brda,Old World,1816.6905431273894,0.0,29,2022,Ribolla Gialla,white
Slovenia,Kras,Old World,543.4871539880703,0.0,23,2022,Refosco,red
Slovenia,Ni Okoliš,Old World,76.42199999999994,0.0,37,2022,Pinot Gris,white
Slovenia,Other regions,Old World,25.7,179.9,8,2010,other white,white
Slovenia,Prekmurje,Old World,429.18931114635404,0.0,36,2022,Graševina,white
Slovenia,Slovenska Istra,Old World,1830.7721525585703,0.0,31,2022,Refosco,red
Slovenia,Stajerska Slovenija,Old World,6113.000000000001,36066.70000000001,18,2016,Graševina,white
Slovenia,Vipavska Dolina,Old World,2098.489874594045,0.0,41,2022,Merlot,white
Slovenia,Vipavska dolina,Old World,2276.0000000000005,13428.400000000003,19,2016,Merlot,white
Slovenia,Štajerska Slovenija,Old World,5211.082659212676,0.0,42,2022,Graševina,white
South Africa,Breede- Kloof,New World,12658.98,0.0,19,2023,Chenin Blanc,white
South Africa,Breedekloof,New World,12892.67,210150.521,56,2016,Chenin Blanc,white
South Africa,Cape South Coast,New World,2646.29,0.0,17,2023,Sauvignon Blanc,white
South Africa,Cape Town,New World,2577.95,0.0,15,2023,Sauvignon Blanc,white
South Africa,Klein Karoo,New World,2001.57,0.0,19,2023,Colombard,white
South Africa,Little Karoo,New World,2443.2885776776575,39825.60381614581,50,2016,Colombard,white
South Africa,Northern Cape,New World,4840.19,0.0,18,2023,Sultaniye,white
South Africa,Olifants River,New World,8522.64,0.0,19,2023,Chenin Blanc,white
South Africa,Paarl,New World,14248.0,0.0,19,2023,Chenin Blanc,red
South Africa,Robert- Son,New World,12776.42,0.0,19,2023,Colombard,white
South Africa,Robertson,New World,13227.058181902481,215601.04836501044,58,2016,Colombard,white
South Africa,Stellen- Bosch,New World,11815.43,0.0,19,2023,Cabernet Sauvignon,red
South Africa,Stellenbosch,New World,15339.309593606675,250030.74637578882,71,2016,Cabernet Sauvignon,red
South Africa,Swart- Land,New World,12177.73,0.0,19,2023,Chenin Blanc,red
South Africa,Swartland,New World,12939.84,210919.392,60,2016,Chenin Blanc,red
South Africa,Worces- Ter,New World,6518.1900000000005,0.0,19,2023,Chenin Blanc,white
South Africa,Worcester,New World,6618.119272153447,107875.3441361012,50,2016,Chenin Blanc,white
Spain,Alava,Old World,13039.5,74325.15000000001,23,2010,Tempranillo,red
Spain,Albacete,Old World,96745.0,551446.5,61,2010,Monastrell,red
Spain,Alicante,Old World,14661.0,83567.70000000001,42,2010,Monastrell,red
Spain,"Almeria, Granada, Jaen, Sevilla",Old World,6950.0,39615.0,37,2010,other white,white
Spain,Andalucía,Old World,24160.0,0.0,43,2022,Palomino Fino,white
Spain,Aragón,Old World,35411.0,0.0,37,2022,Garnacha Tinta,red
Spain,Asturias,Old World,140.0,0.0,10,2022,Albarín Blanco,red
Spain,"Avila, Palencia, Salamanca, Segovia, Soria",Old World,9154.0,52177.8,36,2010,Garnacha Tinta,red
Spain,Badajoz,Old World,82749.0,471669.3,58,2010,Cayetana Blanca,white
Spain,Baleares,Old World,3013.0,0.0,27,2022,Manto Negro,red
Spain,Barcelona,Old World,22339.0,127332.30000000002,35,2010,Xarello,white
Spain,Burgos,Old World,16276.0,92773.2,21,2010,Tempranillo,red
Spain,Caceres,Old World,3857.0,21984.9,36,2010,Tempranillo,red
Spain,Cadiz,Old World,10156.0,57889.200000000004,13,2010,Palomino Fino,white
Spain,Canarias,Old World,8590.0,0.0,29,2022,other,unknown
Spain,Cantabria,Old World,121.0,0.0,13,2022,Albarín Blanco,white
Spain,Castellon,Old World,1213.5,6916.950000000001,28,2010,Tempranillo,red
Spain,Castilla La Mancha,Old World,442971.0,0.0,57,2022,Airén,white
Spain,Castilla Y León,Old World,84016.0,0.0,46,2022,Tempranillo,red
Spain,Castilla y León,Old World,72364.27669999999,470367.79855,54,2016,Tempranillo,red
Spain,Castilla-La Mancha,Old World,409968.9429,2664798.12885,94,2016,Airén,white
Spain,Cataluña,Old World,56662.0,0.0,51,2022,Macabeo,white
Spain,Ciudad Real,Old World,175764.0,1001854.8,47,2010,Airén,white
Spain,Comunidad Foral de Navarra,Old World,17015.25913124,110599.18435305999,27,2016,Tempranillo,red
Spain,Comunidad Valenciana,Old World,57676.5802,374897.77129999996,75,2016,Bobal,red
Spain,Comunidad de Madrid,Old World,11255.3815,73159.97974999998,25,2016,Airén,white
Spain,Cordoba,Old World,8278.0,47184.6,19,2010,Pedro Ximénez,white
Spain,Cuenca,Old World,94883.0,540833.1,61,2010,Bobal,red
Spain,Extremadura,Old World,76093.0,0.0,36,2022,Cayetana Blanca,white
Spain,Galicia,Old World,33521.0,0.0,27,2022,other,white
Spain,"Girona, Lleida",Old World,7559.5,43089.15,34,2010,Chardonnay,red
Spain,Guadalajara,Old World,2149.0,12249.300000000001,25,2010,Tempranillo,red
Spain,"Guipuzcoa, Vizcaya",Old World,736.0,4195.2,14,2010,Noah,white
Spain,Huelva,Old World,4230.0,24111.0,15,2010,Zalema,white
Spain,"Huesca, Teruel",Old World,9277.0,52878.9,49,2010,Garnacha Tinta,red
Spain,Illes Balears,Old World,1718.399337,11169.5956905,41,2016,Manto Negro,red
Spain,La Rioja,Old World,47040.0,0.0,27,2022,Tempranillo,red
Spain,Leon,Old World,12148.5,69246.45,22,2010,Mencía,red
Spain,Madrid,Old World,7952.0,0.0,19,2022,Garnacha Tinta,red
Spain,Malaga,Old World,2079.0,11850.300000000001,14,2010,Muscat of Alexandria,white
Spain,Murcia,Old World,20530.0,0.0,27,2022,Monastrell,red
Spain,Navarra,Old World,16876.0,0.0,27,2022,Tempranillo,red
Spain,País Vasco,Old World,14613.0,0.0,24,2022,Tempranillo,red
Spain,Principado de Asturias,Old World,103.8506,675.0289,2,2016,other red,red
Spain,Región de Murcia,Old World,22774.425539600004,148033.7660074,36,2016,Monastrell,red
Spain,Tarragona,Old World,29617.0,168816.9,38,2010,Macabeo,white
Spain,Toledo,Old World,125759.5,716829.15,46,2010,Airén,white
Spain,Valencia,Old World,56396.0,0.0,43,2022,Bobal,red
Spain,Valladolid,Old World,22081.0,125861.7,31,2010,Tempranillo,white
Spain,Zamora,Old World,12906.0,73564.20000000001,31,2010,Tempranillo,red
Spain,Zaragoza,Old World,35294.0,201175.80000000002,49,2010,Garnacha Tinta,red
Switzerland,AG,Old World,383.0902,0.0,69,2022,Pinot Noir,red
Switzerland,AI,Old World,0.6501,0.0,3,2022,Müller-Thurgau,white
Switzerland,AR,Old World,5.093,0.0,13,2022,other,red
Switzerland,Aargau,Old World,384.9980050139129,3541.9816461279984,63,2016,Pinot Noir,red
Switzerland,Appenzell Ausserrhoden,Old World,4.105000121518969,37.76600111797451,12,2016,Pinot Noir,red
Switzerland,Appenzell Innerrhoden,Old World,0.6171000245958567,5.677320226281881,2,2016,Müller-Thurgau,white
Switzerland,BE Lac de Bienne,Old World,221.7776,0.0,56,2022,Pinot Noir,white
Switzerland,BE Thunersee,Old World,19.0448,0.0,24,2022,Pinot Noir,red
Switzerland,BE übriges Gebiet,Old World,6.944699999999999,0.0,18,2022,Sauvignac,red
Switzerland,BL,Old World,113.8221,0.0,57,2022,Pinot Noir,red
Switzerland,BS,Old World,4.7542,0.0,9,2022,Pinot Noir,red
Switzerland,Basel Land,Old World,113.90189950820059,1047.8974754754452,66,2016,Pinot Noir,red
Switzerland,Basel Stadt,Old World,4.770299926400185,43.886759322881694,6,2016,Pinot Noir,red
Switzerland,Bern,Old World,241.77,2175.9300000000003,40,2010,Pinot Noir,white
Switzerland,FR,Old World,133.1976,0.0,41,2022,Chasselas,white
Switzerland,Fribourg,Old World,116.76689975708723,1074.2554777652024,35,2016,Chasselas,white
Switzerland,GE,Old World,1348.5354,0.0,74,2022,Gamay Noir,red
Switzerland,GL,Old World,1.9446,0.0,8,2022,Pinot Noir,red
Switzerland,GR Mesolcina,Old World,32.2792,0.0,28,2022,Merlot,red
Switzerland,GR übriges Gebiet,Old World,419.94649999999996,0.0,42,2022,Pinot Noir,red
Switzerland,Geneva,Old World,1410.8003139477223,12979.362888319045,89,2016,Gamay Noir,red
Switzerland,Glarus,Old World,2.0359000246971846,18.730280227214095,6,2016,Pinot Noir,red
Switzerland,Graubünden,Old World,420.54999999999995,3784.95,33,2010,Pinot Noir,red
Switzerland,Graubünden - other,Old World,421.46808676049113,3877.506398196518,46,2016,Pinot Noir,red
Switzerland,Graubünden Mesolcina,Old World,29.512500646058474,271.5150059437379,34,2016,Merlot,red
Switzerland,JU,Old World,17.6941,0.0,23,2022,other,red
Switzerland,Jura,Old World,15.139200180768967,139.28064166307448,16,2016,Garanoir,white
Switzerland,LU,Old World,78.748,0.0,46,2022,Pinot Noir,white
Switzerland,Lac de Bienne,Old World,221.05359555222094,2033.6930790804324,58,2016,Pinot Noir,white
Switzerland,Lucerne,Old World,53.160000041127205,489.0720003783702,41,2016,Pinot Noir,red
Switzerland,NE,Old World,604.7853,0.0,50,2022,Pinot Noir,red
Switzerland,NW,Old World,1.5980999999999999,0.0,4,2022,Souvignier Gris,grey_or_gris
Switzerland,Neuchâtel,Old World,604.4453051965684,5560.896807808429,15,2016,Pinot Noir,red
Switzerland,Nidwalden,Old World,0.4099999964237212,3.7719999670982345,2,2016,Müller-Thurgau,white
Switzerland,OW,Old World,1.5822,0.0,4,2022,Cabernet Jura,red
Switzerland,Other regions,Old World,3.479900045320391,32.0150804169476,15,2016,Pinot Noir,red
Switzerland,Owalden,Old World,1.550000011920929,14.260000109672546,3,2016,Cabernet Jura,red
Switzerland,SG,Old World,213.5232,0.0,51,2022,Pinot Noir,red
Switzerland,SH,Old World,467.3565,0.0,50,2022,Pinot Noir,red
Switzerland,SO,Old World,11.4223,0.0,25,2022,Pinot Noir,red
Switzerland,SZ,Old World,36.338,0.0,33,2022,Pinot Noir,red
Switzerland,Schaffhausen,Old World,482.7343897484243,4441.156385685504,61,2016,Pinot Noir,red
Switzerland,Schwyz,Old World,38.73000010102987,356.31600092947485,30,2016,Pinot Noir,red
Switzerland,Solothurn,Old World,9.52250003069639,87.60700028240679,33,2016,Pinot Noir,red
Switzerland,St. Gallen,Old World,210.55139352194965,1937.0728204019367,58,2016,Pinot Noir,red
Switzerland,TG,Old World,236.2124,0.0,50,2022,Pinot Noir,red
Switzerland,TI,Old World,1163.0441999999998,0.0,64,2022,Merlot,red
Switzerland,Thunersee,Old World,18.545399697497487,170.61767721697686,20,2016,Pinot Noir,red
Switzerland,Thurgau,Old World,257.069301513955,2365.037573928386,54,2016,Pinot Noir,red
Switzerland,Ticino,Old World,1097.5328934203717,10097.302619467418,131,2016,Merlot,red
Switzerland,UR,Old World,3.1898999999999997,0.0,14,2022,Pinot Noir,red
Switzerland,Uri,Old World,3.7339999778196216,34.35279979594051,12,2016,Pinot Noir,red
Switzerland,VD,Old World,3787.3759,0.0,65,2022,Chasselas,white
Switzerland,VS,Old World,4680.5269,0.0,72,2022,Pinot Noir,red
Switzerland,Valais,Old World,4906.478954195976,45139.60637860298,49,2016,Pinot Noir,red
Switzerland,Vaud,Old World,3771.172975162044,34694.791371490806,54,2016,Chasselas,white
Switzerland,ZG,Old World,6.0908,0.0,15,2022,Solaris,white
Switzerland,ZH,Old World,605.0899000000001,0.0,68,2022,Pinot Noir,red
Switzerland,Zug,Old World,1.751999996602535,16.118399968743322,7,2016,Müller-Thurgau,white
Switzerland,Zürich,Old World,606.7618176313117,5582.208722208067,98,2016,Pinot Noir,red
Turkey,Aegean,Old World,8213.979727731092,75568.61349512605,28,2016,Sultaniye,red
Turkey,Central East,Old World,2066.403428571429,19010.911542857142,3,2016,Öküzgözü,red
Turkey,Central North,Old World,213.91511428571428,1968.0190514285712,4,2016,Syrah,red
Turkey,Central South,Old World,770.3200214285713,7086.944197142856,9,2016,Dimrit,red
Turkey,Marmara,Old World,1737.299563415751,15983.155983424907,14,2016,Sémillon,red
Turkey,Mediterranean,Old World,24.7768125,227.94667499999997,10,2016,Cabernet Sauvignon,red
Turkey,South East,Old World,676.83,6226.836,1,2016,Boğazkere,red
United States,Alameda,New World,1187.75341,20310.583311000002,29,2016,Cabernet Sauvignon,red
United States,Amador,New World,1458.4883439999999,24940.1506824,40,2016,Tribidrag,red
United States,Arizona,New World,249.902497,4273.332698700001,2,2016,other red,white
United States,Arkansas,New World,251.35043623417636,4298.092459604416,2,2016,other red,red
United States,Benton Co.,New World,154.9854,2696.7459599999997,9,2010,Pinot Noir,red
United States,Butte,New World,68.79662,1176.4222020000002,19,2016,Cabernet Sauvignon,red
United States,Calaveras,New World,288.136432,4927.132987200001,39,2016,Cabernet Sauvignon,red
United States,California,New World,181794.26140543818,0.0,22,2022,Cabernet Sauvignon,red
United States,Cattaraugus,New World,139.211984,2380.5249264,2,2016,Concord,red
United States,Chautauqua,New World,6740.04533,115254.775143,9,2016,Concord,red
United States,Chautauqua-Erie,New World,7561.153224,131564.06609759998,11,2010,Concord,red
United States,Colorado,New World,248.477204,4248.9601884,12,2016,other red,red
United States,Columbia Gorge,New World,85.44424412137022,1461.096574475431,9,2016,Pinot Noir,white
United States,Columbia River,New World,645.1191150258154,11031.536866941444,15,2016,Cabernet Sauvignon,red
United States,Columbia Valley,New World,2906.9300318385826,49708.503544439765,21,2016,Cabernet Sauvignon,red
United States,Colusa,New World,606.2196280000001,10366.355638800002,10,2016,Tribidrag,red
United States,Contra Costa,New World,725.197312,12400.8740352,32,2016,Chardonnay,red
United States,Douglas Co.,New World,350.0534,6090.92916,11,2010,Pinot Noir,red
United States,El Dorado,New World,829.6063,14186.267730000001,47,2016,Tribidrag,red
United States,Erie,New World,681.8959100000001,11660.420061,4,2016,Concord,red
United States,Finger Lakes,New World,3801.215598,66141.1514052,31,2010,Concord,white
United States,Fresno,New World,15908.611346,272037.2540166,47,2016,Colombard,red
United States,Georgia,New World,586.4843512130782,10028.882405743638,2,2016,other red,red
United States,Glenn,New World,407.923488,6975.4916448,9,2016,Pinot Gris,red
United States,Hill Country,New World,306.6710508,5244.074968680001,29,2016,Cabernet Sauvignon,red
United States,Horse Heaven Hills,New World,5344.647013694427,91393.4639341747,16,2016,Cabernet Sauvignon,red
United States,Humboldt,New World,49.371691999999996,844.2559332000001,16,2016,Pinot Noir,red
United States,Illinois,New World,385.77602036561933,6596.769948252091,22,2016,Chambourcin,red
United States,Indiana,New World,261.78067999999996,4476.449628,10,2016,other white,white
United States,Iowa,New World,145.282274,2484.3268854000003,22,2016,Marquette,red
United States,Jackson Co.,New World,535.803886,9322.9876164,11,2010,other red,red
United States,Josephine Co.,New World,162.27382,2823.5644679999996,11,2010,Pinot Noir,red
United States,Kentucky,New World,216.99921823017095,3710.686631735924,44,2016,Vidal,red
United States,Kern,New World,6913.250938,118216.59103980001,23,2016,other red,red
United States,Kings,New World,804.515768,13757.2196328,15,2016,Rubired,red
United States,Lake,New World,3264.197276,55817.7734196,39,2016,Cabernet Sauvignon,red
United States,Lake Chelan,New World,41.99182937588708,718.060282327669,7,2016,Syrah,red
United States,Lane Co.,New World,340.745314,5928.968463599999,9,2010,Pinot Gris,grey_or_gris
United States,Lassen,New World,1.214058,20.7603918,2,2016,Chardonnay,white
United States,Los Angeles,New World,84.174688,1439.3871648000002,21,2016,Cabernet Sauvignon,red
United States,Madera,New World,13813.147238000001,236204.81776980002,47,2016,Colombard,red
United States,Marin,New World,65.963818,1127.9812878,10,2016,Pinot Noir,red
United States,Marion Co.,New World,660.038626,11484.672092399998,9,2010,Pinot Noir,red
United States,Mariposa,New World,27.113961999999997,463.6487502,11,2016,Cabernet Sauvignon,red
United States,Mendocino,New World,6660.322188,113891.5094148,49,2016,Chardonnay,red
United States,Merced,New World,5265.369546,90037.81923660001,28,2016,Chardonnay,red
United States,Michigan,New World,4411.23,0.0,47,2020,Concord,red
United States,Minnesota,New World,432.374469311889,7393.603425233302,18,2016,Frontenac,red
United States,Missouri,New World,687.9185973647161,11763.408014936645,13,2016,Norton,red
United States,Monterey,New World,17908.974244,306243.4595724,44,2016,Chardonnay,white
United States,Naches Heights,New World,5.842341478384289,99.90403928037134,4,2016,Pinot Gris,white
United States,Napa,New World,17914.235162,306333.4212702,53,2016,Cabernet Sauvignon,red
United States,Nevada,New World,178.871212,3058.6977252,22,2016,Cabernet Sauvignon,red
United States,New York,New World,6374.330999999999,0.0,132,2023,Concord,red
United States,New York - other,New World,1507.860036,26236.7646264,36,2010,Merlot,red
United States,Niagara,New World,357.33773799999994,6110.4753198,6,2016,Niagara,white
United States,North Carolina,New World,754.051308702529,12894.277378813247,2,2016,other red,red
United States,North Texas (DFW),New World,161.3483082,2759.05607022,18,2016,Blanc du Bois,red
United States,North Willamette Valley,New World,6071.61348914448,103824.59066437061,15,2016,Pinot Noir,red
United States,Ohio,New World,607.029,10380.1959,43,2016,Concord,red
United States,Ontario,New World,216.10232399999998,3695.3497404,6,2016,Niagara,white
United States,Orange,New World,0.404686,6.9201306,1,2016,other red,red
United States,Oregon,New World,16096.9425,0.0,16,2022,Pinot Noir,red
United States,Oregon - other,New World,216.10233399999998,3565.688511,9,2000,Merlot,red
United States,Pennsylvania,New World,1039.7026130628294,17778.914683374387,44,2016,Concord,red
United States,Placer,New World,75.676282,1294.0644222,20,2016,Tribidrag,red
United States,Polk Co.,New World,927.942094,16146.192435599998,10,2010,Pinot Noir,red
United States,Puget Sound,New World,31.76773178871457,543.2282135870192,6,2016,Pinot Noir,red
United States,Rattlesnake Hills,New World,546.2589282289309,9341.02767271472,12,2016,Merlot,red
United States,Red Mountain,New World,646.3090260462619,11051.88434539108,10,2016,Cabernet Sauvignon,red
United States,Riverside,New World,436.65619399999997,7466.8209174,49,2016,Cabernet Sauvignon,red
United States,Rogue Valley,New World,1185.9765548959433,20280.199088720634,16,2016,Pinot Noir,red
United States,Sacramento,New World,8031.398356,137336.9118876,39,2016,Chardonnay,red
United States,San Benito,New World,1114.505244,19058.039672400002,30,2016,Chardonnay,red
United States,San Bernardino,New World,193.03522199999998,3300.9022962,15,2016,Tribidrag,red
United States,San Diego,New World,199.105512,3404.7042552000003,35,2016,Cabernet Sauvignon,red
United States,San Joaquin,New World,28107.466129999997,480637.670823,57,2016,Tribidrag,red
United States,San Luis Obispo,New World,12391.890006,211901.3191026,53,2016,Cabernet Sauvignon,red
United States,San Mateo,New World,41.277972000000005,705.8533212,7,2016,Pinot Noir,red
United States,Santa Barbara,New World,6113.186715999999,104535.4928436,45,2016,Chardonnay,red
United States,Santa Clara,New World,606.2196280000001,10366.355638800002,36,2016,Chardonnay,red
United States,Santa Cruz,New World,192.63053599999998,3293.9821656000004,18,2016,Pinot Noir,red
United States,Schuyler,New World,458.509238,7840.5079698,13,2016,Concord,red
United States,Seneca,New World,540.25581,9238.374351000002,20,2016,Riesling,white
United States,Shasta,New World,38.445170000000005,657.4124070000001,18,2016,Merlot,red
United States,Siskiyou,New World,6.879662,117.64222020000001,10,2016,Merlot,red
United States,Snipes Mountain,New World,224.56500057539608,3840.0615098392736,5,2016,Cabernet Sauvignon,red
United States,Solano,New World,1432.58844,24497.262324000003,37,2016,Chardonnay,red
United States,Sonoma,New World,23527.634668,402322.5528228,56,2016,Chardonnay,red
United States,South Texas and Gulf Coast,New World,123.226887,2107.1797677,9,2016,Blanc du Bois,white
United States,South Willamette Valley,New World,1165.1604218353461,19924.24321338442,16,2016,Pinot Noir,red
United States,Stanislaus,New World,2765.219438,47285.25238980001,31,2016,Chardonnay,red
United States,Steuben,New World,422.492184,7224.6163464,11,2016,Concord,red
United States,Suffolk,New World,825.964126,14123.9865546,10,2016,Merlot,red
United States,Sutter,New World,8.498406,145.32274260000003,12,2016,Tribidrag,red
United States,Tehama,New World,45.729518,781.9747578,19,2016,Tribidrag,red
United States,Texas,New World,2081.4674,0.0,55,2020,Cabernet Sauvignon,red
United States,Texas High Plains and Panhandle,New World,1086.5819099999999,18580.550661,31,2016,Cabernet Sauvignon,red
United States,Trinity,New World,52.60918,899.6169780000001,12,2016,Chardonnay,red
United States,Tulare,New World,2889.862726,49416.6526146,30,2016,Rubired,red
United States,Tuolumne,New World,10.926522,186.8435262,13,2016,Cabernet Sauvignon,red
United States,Ulster,New World,64.345074,1100.3007654,5,2016,other red,red
United States,Umpqua Valley,New World,944.8714310984166,16157.301471782925,17,2016,Pinot Noir,red
United States,Valley - other,New World,106.027736,1749.457644,10,2000,Pinot Noir,red
United States,Ventura,New World,16.592126,283.7253546,14,2016,Syrah,red
United States,Virginia,New World,1283.663992,21950.654263200002,25,2016,Chardonnay,red
United States,Wahluke Slope,New World,2834.265909701178,48465.947055890145,11,2016,Cabernet Sauvignon,red
United States,Walla Walla Valley,New World,563.7859526640839,9640.739790555835,11,2016,Cabernet Sauvignon,red
United States,Washington,New World,24768.854099999997,0.0,15,2023,Cabernet Sauvignon,red
United States,Washington Co.,New World,670.156108,11660.716279199998,10,2010,Pinot Noir,red
United States,Wayne,New World,15.378068,262.9649628,3,2016,other white,white
United States,West Texas,New World,159.9723758,2735.52762618,8,2016,other red,red
United States,Willamette Valley - other,New World,153.776678,2675.7141972,9,2010,Pinot Noir,red
United States,Yakima Valley,New World,5806.1919904867855,99285.88303732403,18,2016,Chardonnay,white
United States,Yamhill Co.,New World,2273.116196,39552.2218104,10,2010,Pinot Noir,red
United States,Yates,New World,2164.2607279999997,37008.8584488,29,2016,Concord,red
United States,Yolo,New World,5059.384372,86515.4727612,40,2016,Chardonnay,white
United States,Yuba,New World,27.113962,463.6487502,16,2016,Durif,red
Uruguay,Artigas,New World,36.0,554.4,8,2016,Cabernet Sauvignon,red
Uruguay,Canelones,New World,4269.0,65742.6,34,2016,Tannat,red
Uruguay,Colonia,New World,522.0,8038.8,27,2016,Tannat,red
Uruguay,Durazno,New World,47.0,723.8000000000001,12,2016,Tannat,red
Uruguay,Florida,New World,42.0,646.8000000000001,10,2016,Tannat,red
Uruguay,Lavalleja,New World,7.0,107.80000000000001,4,2016,other red,red
Uruguay,Maldonado,New World,326.0,5020.4,18,2016,Tannat,red
Uruguay,Montevideo,New World,813.0,12520.2,23,2016,Muscat of Hamburg,red
Uruguay,Paysandu,New World,159.99999999999997,2463.9999999999995,14,2016,Tannat,red
Uruguay,Rivera,New World,41.0,631.4,10,2016,Cabernet Sauvignon,red
Uruguay,Rocha,New World,12.0,184.8,7,2016,other red,red
Uruguay,Salto,New World,54.0,831.6,6,2016,Tannat,red
Uruguay,San Jose,New World,392.0,6036.8,21,2016,Tannat,red
Uruguay,Soriano,New World,3.0,46.2,2,2016,other red,red
Uruguay,Tacuarembo,New World,19.36363636363636,298.19999999999993,6,2016,other red,red
